State,County,Year,Days with AQI,Good Days,Moderate Days,Unhealthy for Sensitive Groups Days,Unhealthy Days,Very Unhealthy Days,Hazardous Days,Max AQI,90th Percentile AQI,Median AQI,Days CO,Days NO2,Days Ozone,Days PM2.5,Days PM10,latitude,longitude
Alabama,Baldwin,2024,111,98,13,0,0,0,0,66,51,33,0,0,23,88,0,30.5677527,-87.7324392
Alabama,Clay,2024,121,96,25,0,0,0,0,75,55,28,0,0,0,121,0,33.2423393,-85.819651
Alabama,DeKalb,2024,152,120,32,0,0,0,0,77,58,42,0,0,116,36,0,34.4524349,-85.7662118
Alabama,Elmore,2024,28,28,0,0,0,0,0,50,47,41,0,0,28,0,0,32.5801231,-86.125195
Alabama,Etowah,2024,120,74,46,0,0,0,0,93,66,42,0,0,14,106,0,34.0371404,-86.022147
Alabama,Jefferson,2024,22,16,6,0,0,0,0,88,67,40,0,0,0,22,0,33.5228184,-86.9164513
Alabama,Madison,2024,90,67,23,0,0,0,0,89,59,39,0,0,21,69,0,34.7736807,-86.5675095
Alabama,Mobile,2024,120,78,42,0,0,0,0,77,57,44,0,0,18,101,1,30.6488242,-88.194642
Alabama,Montgomery,2024,113,70,43,0,0,0,0,75,58,41,0,0,13,99,1,32.1672192,-86.1999118
Alabama,Morgan,2024,121,85,36,0,0,0,0,79,58,36,0,0,18,103,0,34.4296848,-86.8529584
Alabama,Russell,2024,57,41,16,0,0,0,0,98,58,43,0,0,23,34,0,32.2698458,-85.1959487
Alabama,Shelby,2024,31,30,1,0,0,0,0,54,47,40,0,0,31,0,0,33.2503347,-86.6639746
Alabama,Sumter,2024,121,111,10,0,0,0,0,72,47,24,0,0,20,101,0,32.5234698,-88.1837986
Alabama,Tuscaloosa,2024,120,103,15,2,0,0,0,125,53,28,0,0,21,99,0,33.2668398,-87.4862182
Alaska,Anchorage ,2024,92,71,21,0,0,0,0,80,56,26,4,0,0,69,19,61.2163129,-149.894852
Alaska,Denali ,2024,151,148,3,0,0,0,0,58,44,39,0,0,151,0,0,63.069115,-151.006239
Alaska,Fairbanks North Star ,2024,92,27,53,9,2,1,0,220,121,61,1,0,10,81,0,64.8649039,-146.7751619
Alaska,Juneau ,2024,84,63,21,0,0,0,0,73,56,30,0,0,0,84,0,58.3019496,-134.419734
Alaska,Matanuska-Susitna ,2024,91,73,18,0,0,0,0,74,60,19,0,0,0,87,4,62.3402481,-149.4793288
Arizona,Apache,2024,179,179,0,0,0,0,0,40,26,11,0,0,0,2,177,35.214632,-109.4786676
Arizona,Cochise,2024,182,124,52,6,0,0,0,120,80,45,0,0,145,0,37,31.8514532,-109.8181858
Arizona,Coconino,2024,152,109,41,2,0,0,0,108,74,45,0,0,152,0,0,35.9363252,-111.6948197
Arizona,Gila,2024,182,102,63,17,0,0,0,140,100,48,0,0,169,0,13,33.74135485,-110.68128894247536
Arizona,La Paz,2024,179,113,63,3,0,0,0,105,77,46,0,0,175,2,2,33.7923828,-114.0184443
Arizona,Maricopa,2024,213,39,161,12,0,1,0,261,93,64,0,0,144,57,12,33.34883,-112.49123
Arizona,Mohave,2024,176,175,1,0,0,0,0,69,28,17,0,0,0,0,176,35.7218038,-113.827117
Arizona,Navajo,2024,182,182,0,0,0,0,0,45,19,12,0,0,0,0,182,35.1819775,-110.3549451
Arizona,Pima,2024,183,88,88,5,2,0,0,171,87,51,1,0,125,37,20,32.1112624,-111.6546163
Arizona,Pinal,2024,182,83,92,7,0,0,0,115,93,52,0,0,141,33,8,32.8085851,-111.4426212
Arizona,Santa Cruz,2024,178,129,47,1,0,1,0,205,65,38,0,0,0,134,44,31.5094579,-110.847628
Arizona,Yavapai,2024,181,112,67,2,0,0,0,115,87,47,0,0,181,0,0,34.5668857,-112.5515965
Arizona,Yuma,2024,182,123,58,1,0,0,0,101,75,44,0,0,117,28,37,32.7915374,-113.897503
Arkansas,Arkansas,2024,60,41,19,0,0,0,0,73,58,44,0,0,0,60,0,34.2902454,-91.3598511
Arkansas,Ashley,2024,61,43,18,0,0,0,0,67,57,37,0,0,0,61,0,33.1742582,-91.7295595
Arkansas,Clark,2024,150,142,8,0,0,0,0,67,46,34,0,0,150,0,0,34.0541966,-93.198963
Arkansas,Crittenden,2024,182,151,26,5,0,0,0,133,58,42,0,1,148,33,0,35.2505701,-90.3192299
Arkansas,Garland,2024,47,30,17,0,0,0,0,73,62,45,0,0,0,47,0,34.5488944,-93.1838539
Arkansas,Jackson,2024,58,48,10,0,0,0,0,70,56,34,0,0,0,58,0,35.5770886,-91.196742
Arkansas,Newton,2024,182,176,6,0,0,0,0,67,48,40,0,0,182,0,0,35.918468,-93.2273047
Arkansas,Polk,2024,139,104,35,0,0,0,0,87,59,44,0,0,96,43,0,34.4995799,-94.2397116
Arkansas,Pulaski,2024,183,88,93,1,0,1,0,205,65,51,1,0,49,133,0,34.7550166,-92.3003472
Arkansas,Union,2024,61,37,24,0,0,0,0,75,62,44,0,0,0,61,0,33.1637366,-92.6171029
Arkansas,Washington,2024,182,150,31,1,0,0,0,101,54,43,0,0,149,33,0,35.9672625,-94.2280656
California,Alameda,2024,61,52,9,0,0,0,0,63,55,39,1,2,18,40,0,37.6090291,-121.899142
California,Amador,2024,31,31,0,0,0,0,0,42,33,29,0,0,31,0,0,38.449089,-120.5911018
California,Butte,2024,57,43,14,0,0,0,0,69,57,34,1,0,13,43,0,39.6519275,-121.5858444
California,Calaveras,2024,31,31,0,0,0,0,0,47,43,31,0,0,19,12,0,38.2558181,-120.4981492
California,Colusa,2024,173,22,151,0,0,0,0,72,60,53,0,0,1,172,0,39.1465578,-122.2209563
California,Contra Costa,2024,61,42,19,0,0,0,0,67,58,42,1,0,13,47,0,37.9034806,-121.9175345
California,Del Norte,2024,38,34,4,0,0,0,0,55,51,35,0,0,0,38,0,41.7261767,-123.91328
California,El Dorado,2024,31,31,0,0,0,0,0,43,39,31,0,0,28,0,3,38.7574137,-120.5276129
California,Fresno,2024,182,96,76,9,1,0,0,151,84,49,0,0,124,58,0,36.6713502,-119.8155355
California,Glenn,2024,31,29,2,0,0,0,0,52,42,27,0,0,8,23,0,39.5912766,-122.3778662
California,Humboldt,2024,205,187,18,0,0,0,0,86,48,33,0,0,60,145,0,40.5997415,-123.8997734
California,Imperial,2024,157,63,79,15,0,0,0,133,100,54,0,0,98,44,15,33.0305487,-115.3595666
California,Inyo,2024,152,52,93,2,2,0,3,1322,86,58,0,0,82,54,16,36.5595325,-117.4074712
California,Kern,2024,152,68,79,5,0,0,0,122,84,52,0,0,102,50,0,35.3145701,-118.753822
California,Lake,2024,31,31,0,0,0,0,0,36,26,15,0,0,0,31,0,39.0505411,-122.7776556
California,Los Angeles,2024,153,36,110,7,0,0,0,140,87,59,1,1,56,92,3,34.3155072,-118.209681
California,Marin,2024,61,60,1,0,0,0,0,59,38,29,1,3,49,8,0,38.0409144,-122.6199638
California,Mariposa,2024,152,137,15,0,0,0,0,77,50,43,0,0,149,3,0,37.570148,-119.9036592
California,Mono,2024,91,83,8,0,0,0,0,69,45,16,0,0,0,36,55,37.9533927,-118.9398758
California,Monterey,2024,122,117,5,0,0,0,0,61,45,37,1,0,97,24,0,36.2231079,-121.387742
California,Nevada,2024,91,86,5,0,0,0,0,69,44,32,0,0,67,24,0,39.3540335,-120.8089843
California,Orange,2024,153,80,73,0,0,0,0,92,60,49,1,8,53,90,1,33.750631,-117.8722311
California,Placer,2024,152,108,44,0,0,0,0,93,58,46,0,0,108,44,0,39.1012064,-120.7650606
California,Plumas,2024,94,13,78,3,0,0,0,107,93,67,0,0,0,94,0,39.9430988,-120.8059521
California,Riverside,2024,153,37,97,17,2,0,0,193,103,63,1,0,69,63,20,33.7219991,-116.0372472
California,Sacramento,2024,157,129,28,0,0,0,0,76,55,34,0,0,17,140,0,38.4732259,-121.2980707
California,San Benito,2024,151,142,9,0,0,0,0,61,48,38,0,0,122,29,0,36.6248089,-121.1177379
California,San Bernardino,2024,153,42,96,12,3,0,0,169,100,59,1,2,81,63,6,34.8253019,-116.0833144
California,San Diego,2024,150,95,51,4,0,0,0,119,77,46,0,0,133,17,0,32.9637838,-116.7706277
California,San Francisco,2024,60,60,0,0,0,0,0,38,33,29,0,26,34,0,0,37.7792588,-122.4193286
California,San Joaquin,2024,31,10,21,0,0,0,0,79,72,55,0,0,1,30,0,37.9372901,-121.2773719
California,San Luis Obispo,2024,152,146,6,0,0,0,0,58,45,39,0,0,144,8,0,35.3540209,-120.375716
California,San Mateo,2024,61,42,19,0,0,0,0,64,56,44,1,0,10,50,0,37.496904,-122.3330573
California,Santa Barbara,2024,92,84,8,0,0,0,0,60,46,39,1,0,71,20,0,34.7136533,-119.985823
California,Santa Clara,2024,61,44,17,0,0,0,0,80,56,37,1,1,28,31,0,37.2333253,-121.6846349
California,Santa Cruz,2024,121,111,10,0,0,0,0,58,47,39,0,0,56,65,0,37.050096,-121.99059
California,Shasta,2024,156,148,8,0,0,0,0,84,49,42,0,0,137,14,5,40.7965121,-121.9979194
California,Solano,2024,106,98,8,0,0,0,0,67,49,36,0,2,67,22,15,38.2218938,-121.9163555
California,Sonoma,2024,91,90,1,0,0,0,0,53,36,29,2,0,44,14,31,38.5110803,-122.8473388
California,Stanislaus,2024,55,33,22,0,0,0,0,81,68,40,1,0,4,50,0,37.5500871,-121.0501425
California,Sutter,2024,31,24,7,0,0,0,0,61,57,33,0,0,11,20,0,38.9509675,-121.697088
California,Tehama,2024,91,89,2,0,0,0,0,54,39,31,0,0,69,22,0,40.1251334,-122.2015529
California,Trinity,2024,91,58,32,1,0,0,0,113,58,41,0,0,0,91,0,40.6053256,-123.171268
California,Tulare,2024,157,71,81,5,0,0,0,133,84,52,0,0,86,71,0,36.2516475,-118.852583
California,Tuolumne,2024,31,31,0,0,0,0,0,44,34,28,0,0,31,0,0,38.056944,-119.9919351
California,Ventura,2024,121,105,16,0,0,0,0,97,53,41,0,0,92,28,1,34.4458248,-119.0779359
California,Yolo,2024,106,94,12,0,0,0,0,69,53,37,0,0,62,39,5,38.7184542,-121.9059001
Colorado,Adams,2024,160,107,53,0,0,0,0,97,67,44,0,17,63,55,25,39.8714085,-104.2701374
Colorado,Alamosa,2024,152,138,14,0,0,0,0,98,46,23,0,0,0,121,31,37.5780995,-105.7890452
Colorado,Arapahoe,2024,121,93,28,0,0,0,0,90,61,44,0,0,113,8,0,39.6416781,-104.3628567
Colorado,Archuleta,2024,184,175,9,0,0,0,0,64,47,33,0,1,124,0,59,37.1995993,-107.0842479
Colorado,Boulder,2024,152,123,29,0,0,0,0,87,56,42,0,0,72,72,8,40.102555,-105.3632079
Colorado,Clear Creek,2024,113,85,28,0,0,0,0,100,61,47,0,0,113,0,0,39.6754591,-105.6435349
Colorado,Denver,2024,194,124,69,1,0,0,0,101,64,46,0,28,42,124,0,39.7392364,-104.984862
Colorado,Douglas,2024,149,119,29,1,0,0,0,112,61,42,0,0,104,45,0,39.3420437,-104.9468945
Colorado,El Paso,2024,159,128,30,1,0,0,0,129,58,44,0,0,104,48,7,38.8287435,-104.5253456
Colorado,Fremont,2024,152,152,0,0,0,0,0,43,23,12,0,0,0,0,152,38.4692006,-105.4328622
Colorado,Garfield,2024,181,170,11,0,0,0,0,77,50,44,0,0,179,2,0,39.5462048,-107.8776144
Colorado,Gilpin,2024,120,100,20,0,0,0,0,93,61,46,0,0,120,0,0,39.8586654,-105.5025219
Colorado,Gunnison,2024,151,99,52,0,0,0,0,100,67,47,0,0,151,0,0,38.6476702,-107.0603126
Colorado,Jackson,2024,91,91,0,0,0,0,0,49,46,43,0,0,88,3,0,40.6531945,-106.3447246
Colorado,Jefferson,2024,121,89,31,1,0,0,0,105,67,46,0,0,121,0,0,39.5699803,-105.2561919
Colorado,La Plata,2024,213,127,85,1,0,0,0,101,77,48,0,2,204,7,0,37.2889732,-107.8539029
Colorado,Larimer,2024,152,85,67,0,0,0,0,93,71,50,0,0,127,25,0,40.6810174,-105.4726907
Colorado,Mesa,2024,185,151,34,0,0,0,0,90,54,43,0,0,169,11,5,39.0589084,-108.565996
Colorado,Montezuma,2024,182,135,47,0,0,0,0,84,64,45,0,0,182,0,0,37.3476546,-108.6260849
Colorado,Pitkin,2024,48,48,0,0,0,0,0,43,26,9,0,0,0,0,48,39.2037774,-106.8695332
Colorado,Prowers,2024,152,149,3,0,0,0,0,56,41,23,0,0,0,111,41,37.9455797,-102.4130793
Colorado,Pueblo,2024,152,136,15,1,0,0,0,105,51,40,0,0,108,36,8,38.187635,-104.5350145
Colorado,Rio Blanco,2024,91,89,2,0,0,0,0,51,47,43,0,0,89,2,0,39.9847294,-108.1807779
Colorado,Routt,2024,151,150,1,0,0,0,0,53,31,12,0,0,0,0,151,40.4514373,-106.9724072
Colorado,San Miguel,2024,147,145,2,0,0,0,0,54,30,10,0,0,0,0,147,38.0292476,-108.4712533
Colorado,Weld,2024,154,103,51,0,0,0,0,88,61,45,0,0,76,78,0,40.5632344,-104.4835287
Connecticut,Fairfield,2024,91,74,17,0,0,0,0,64,56,38,0,11,26,54,0,41.2943069,-73.37486
Connecticut,Hartford,2024,92,77,15,0,0,0,0,67,55,38,1,8,44,39,0,41.7918949,-72.74410703078223
Connecticut,Litchfield,2024,92,89,3,0,0,0,0,53,44,37,3,0,80,9,0,41.7587013,-73.25978104739022
Connecticut,Middlesex,2024,29,28,1,0,0,0,0,54,45,39,0,0,29,0,0,41.4469388,-72.52279145340472
Connecticut,New Haven,2024,92,70,22,0,0,0,0,64,56,41,1,5,40,46,0,,
Connecticut,New London,2024,91,83,8,0,0,0,0,56,48,31,0,0,27,64,0,,
Connecticut,Tolland,2024,31,31,0,0,0,0,0,49,44,38,0,0,31,0,0,41.81135355,-72.31914226276044
Connecticut,Windham,2024,147,144,3,0,0,0,0,80,45,36,0,0,147,0,0,41.831694,-71.97899771415307
Country Of Mexico,SONORA,2024,182,68,111,2,1,0,0,173,77,55,0,0,62,46,74,,
Delaware,Kent,2024,61,48,13,0,0,0,0,77,59,40,0,0,40,21,0,39.1156594,-75.484116
Delaware,New Castle,2024,166,125,41,0,0,0,0,77,59,37,0,0,42,124,0,39.6159851,-75.662956
Delaware,Sussex,2024,91,76,15,0,0,0,0,75,55,38,0,0,59,32,0,38.6908097,-75.3691421
District Of Columbia,District of Columbia,2024,183,128,52,3,0,0,0,114,64,44,1,10,117,55,0,,
Florida,Alachua,2024,91,80,11,0,0,0,0,94,53,38,0,0,54,37,0,29.675568,-82.3640109
Florida,Baker,2024,91,70,21,0,0,0,0,76,56,44,0,0,23,68,0,30.3143459,-82.2847163
Florida,Bay,2024,89,50,39,0,0,0,0,68,58,48,0,0,25,64,0,30.2481693,-85.6593633
Florida,Brevard,2024,91,81,10,0,0,0,0,64,51,42,0,0,77,14,0,28.2100203,-80.7997185
Florida,Broward,2024,92,52,39,0,1,0,0,154,58,49,1,2,31,57,1,26.1598074,-80.4623642
Florida,Citrus,2024,91,63,28,0,0,0,0,69,57,44,0,0,0,91,0,28.8512851,-82.5141209
Florida,Collier,2024,182,125,57,0,0,0,0,87,58,45,0,0,70,112,0,26.087964,-81.3794941
Florida,Columbia,2024,91,55,36,0,0,0,0,80,59,44,0,0,21,70,0,30.2097438,-82.62636328830749
Florida,Duval,2024,92,51,41,0,0,0,0,94,61,49,1,0,25,66,0,30.3540073,-81.6632109
Florida,Escambia,2024,182,126,56,0,0,0,0,84,59,44,0,0,107,75,0,30.6625885,-87.3451089
Florida,Flagler,2024,91,90,1,0,0,0,0,71,45,37,0,0,91,0,0,29.4844412,-81.2917415
Florida,Hamilton,2024,88,65,23,0,0,0,0,75,60,44,0,0,0,88,0,30.5232289,-82.9763531
Florida,Highlands,2024,181,151,30,0,0,0,0,77,58,41,0,0,181,0,0,27.3513186,-81.3615717
Florida,Hillsborough,2024,92,46,45,1,0,0,0,122,61,51,1,0,29,62,0,27.9184543,-82.3488057
Florida,Holmes,2024,90,62,28,0,0,0,0,70,59,42,0,0,31,59,0,30.8918676,-85.8138207
Florida,Indian River,2024,147,146,1,0,0,0,0,51,45,37,0,0,147,0,0,27.7041555,-80.5894422
Florida,Lake,2024,91,84,7,0,0,0,0,61,48,38,0,0,91,0,0,28.7006859,-81.78994
Florida,Lee,2024,182,161,21,0,0,0,0,80,54,38,0,0,182,0,0,26.5999265,-81.8823135
Florida,Leon,2024,91,64,27,0,0,0,0,87,66,42,0,0,36,55,0,30.4683062,-84.2549068
Florida,Liberty,2024,123,120,3,0,0,0,0,54,44,34,0,0,123,0,0,30.2506943,-84.8955989
Florida,Manatee,2024,91,83,7,0,1,0,0,169,50,38,0,0,91,0,0,27.5213933,-82.3801566
Florida,Marion,2024,91,41,50,0,0,0,0,89,60,52,0,0,17,74,0,29.2182454,-82.0626948
Florida,Martin,2024,89,83,6,0,0,0,0,54,50,41,0,0,68,21,0,27.0673711,-80.3994412
Florida,Miami-Dade,2024,182,101,79,1,1,0,0,197,61,49,0,7,58,117,0,25.6364246,-80.4989467
Florida,Okaloosa,2024,91,87,4,0,0,0,0,71,47,36,0,0,91,0,0,30.6765961,-86.6037748
Florida,Orange,2024,183,125,56,2,0,0,0,121,64,45,1,0,112,70,0,28.495156,-81.3111658
Florida,Osceola,2024,91,86,5,0,0,0,0,61,48,36,0,0,91,0,0,28.0443842,-81.1437541
Florida,Palm Beach,2024,182,112,70,0,0,0,0,76,58,46,0,0,71,111,0,26.6279798,-80.4494174
Florida,Pasco,2024,91,82,9,0,0,0,0,87,50,40,0,0,91,0,0,28.2996183,-82.4522702
Florida,Pinellas,2024,183,87,93,3,0,0,0,132,62,51,1,0,65,117,0,27.8778904,-82.7329309
Florida,Polk,2024,91,68,22,1,0,0,0,105,54,43,0,0,50,41,0,27.9448537,-81.7268789
Florida,Putnam,2024,88,87,1,0,0,0,0,52,33,20,0,0,0,0,88,29.6266155,-81.7230549
Florida,Santa Rosa,2024,182,118,64,0,0,0,0,81,59,46,0,0,72,110,0,30.6964502,-87.0097524
Florida,Sarasota,2024,91,61,30,0,0,0,0,77,58,47,0,0,37,54,0,27.1813609,-82.3609195
Florida,Seminole,2024,91,72,18,1,0,0,0,149,56,40,0,0,58,33,0,28.7225829,-81.2353683
Florida,St. Lucie,2024,90,88,2,0,0,0,0,58,46,39,0,0,90,0,0,27.3900897,-80.457904
Florida,Volusia,2024,91,74,17,0,0,0,0,76,54,42,0,0,50,41,0,29.0533409,-81.1310761
Florida,Wakulla,2024,89,70,19,0,0,0,0,66,55,38,0,0,46,43,0,30.1480038,-84.3543512
Georgia,Bibb,2024,182,92,88,2,0,0,0,123,66,50,0,0,25,157,0,32.8095879,-83.694562
Georgia,Chatham,2024,179,133,45,1,0,0,0,130,61,42,0,0,46,133,0,31.9668887,-81.0626008
Georgia,Chattooga,2024,89,87,2,0,0,0,0,67,48,39,0,0,89,0,0,34.4620931,-85.3660518
Georgia,Clarke,2024,182,113,67,2,0,0,0,126,65,46,0,0,63,119,0,33.9458693,-83.3557816
Georgia,Clayton,2024,148,81,65,2,0,0,0,128,66,45,0,0,0,148,0,33.5204959,-84.3591713
Georgia,Cobb,2024,180,104,76,0,0,0,0,86,68,48,0,0,61,119,0,33.9373948,-84.5732006
Georgia,Coffee,2024,152,100,51,1,0,0,0,137,62,44,0,0,0,152,0,31.5301809,-82.8405691
Georgia,Columbia,2024,69,61,8,0,0,0,0,90,58,42,0,0,69,0,0,33.5313102,-82.2563979
Georgia,Dawson,2024,122,107,14,0,1,0,0,154,54,41,0,0,122,0,0,34.4077085,-84.1356771
Georgia,DeKalb,2024,183,88,95,0,0,0,0,93,67,51,1,9,42,131,0,33.7575613,-84.2186508
Georgia,Dougherty,2024,166,93,69,4,0,0,0,121,75,47,0,0,0,166,0,31.5426984,-84.1960829
Georgia,Douglas,2024,121,102,18,1,0,0,0,133,64,43,0,0,121,0,0,33.6995565,-84.7622973
Georgia,Floyd,2024,179,118,61,0,0,0,0,79,62,37,0,0,0,179,0,34.2421984,-85.2229248
Georgia,Fulton,2024,183,108,75,0,0,0,0,87,62,46,1,14,38,130,0,34.0580391,-84.2961283
Georgia,Glynn,2024,176,143,33,0,0,0,0,84,56,39,0,0,50,126,0,31.2171726,-81.5012681
Georgia,Gwinnett,2024,182,89,93,0,0,0,0,93,69,51,0,0,33,149,0,33.9566869,-84.0227467
Georgia,Hall,2024,182,92,90,0,0,0,0,100,70,50,0,0,0,182,0,34.2905901,-83.8194028
Georgia,Henry,2024,181,134,47,0,0,0,0,90,61,40,0,0,48,133,0,33.4519942,-84.1367771
Georgia,Houston,2024,179,121,57,1,0,0,0,105,61,41,0,0,0,179,0,32.4659752,-83.631394
Georgia,Lowndes,2024,161,101,59,1,0,0,0,110,59,43,0,0,0,161,0,30.8195619,-83.2628255
Georgia,Murray,2024,90,71,19,0,0,0,0,77,61,43,0,0,90,0,0,34.7851861,-84.7352262
Georgia,Muscogee,2024,213,127,79,7,0,0,0,127,67,46,0,0,78,135,0,32.4840651,-84.8502167
Georgia,Pike,2024,143,120,23,0,0,0,0,84,58,40,0,0,143,0,0,33.081484,-84.3969481
Georgia,Richmond,2024,180,109,70,1,0,0,0,105,64,45,0,0,35,145,0,,
Georgia,Rockdale,2024,91,84,7,0,0,0,0,74,49,39,0,0,91,0,0,33.6430283,-84.0322064
Georgia,Sumter,2024,92,83,9,0,0,0,0,84,50,41,0,0,92,0,0,32.0485072,-84.1862464
Georgia,Walker,2024,179,86,93,0,0,0,0,98,69,52,0,0,0,179,0,34.7418605,-85.3209686
Georgia,Washington,2024,180,112,67,1,0,0,0,101,64,44,0,0,0,180,0,32.9619979,-82.7748026
Hawaii,Hawaii,2024,121,119,2,0,0,0,0,53,29,20,0,0,0,121,0,19.58955475,-155.44869830348483
Hawaii,Honolulu,2024,92,89,3,0,0,0,0,85,42,36,1,0,56,35,0,21.468151,-157.960511
Hawaii,Maui,2024,91,90,0,1,0,0,0,101,33,21,0,0,0,91,0,20.802956799999997,-156.31068331602177
Idaho,Ada,2024,92,81,7,3,1,0,0,157,61,37,1,11,51,29,0,43.4136539,-116.2367421
Idaho,Bannock,2024,91,87,4,0,0,0,0,57,36,14,0,0,0,50,41,42.6936188,-112.2506044
Idaho,Benewah,2024,91,46,44,1,0,0,0,111,66,50,0,0,0,91,0,47.2162961,-116.6654616
Idaho,Blaine,2024,91,91,0,0,0,0,0,39,22,12,0,0,0,91,0,43.3336455,-113.8808311
Idaho,Boise,2024,91,61,30,0,0,0,0,67,57,44,0,0,0,91,0,43.9873519,-115.7390188
Idaho,Bonner,2024,91,86,5,0,0,0,0,60,48,28,0,0,0,87,4,48.2663565,-116.5952716
Idaho,Bonneville,2024,91,88,3,0,0,0,0,55,30,14,0,0,0,91,0,43.3993844,-111.4752257
Idaho,Butte,2024,150,139,11,0,0,0,0,74,49,42,0,0,150,0,0,43.6989304,-113.2210324
Idaho,Canyon,2024,91,76,13,1,1,0,0,152,56,28,0,0,0,90,1,43.6435692,-116.7017144
Idaho,Franklin,2024,91,67,22,1,1,0,0,161,62,24,0,0,0,91,0,42.1093652,-111.8203389
Idaho,Idaho,2024,151,113,38,0,0,0,0,86,59,41,0,0,76,75,0,45.7680684,-115.5160723
Idaho,Kootenai,2024,87,87,0,0,0,0,0,48,35,19,0,0,0,87,0,47.654857,-116.7162916
Idaho,Latah,2024,91,88,3,0,0,0,0,59,32,12,0,0,0,91,0,46.8171611,-116.693441
Idaho,Lemhi,2024,91,49,41,1,0,0,0,111,78,45,0,0,0,91,0,44.9321886,-113.852998
Idaho,Nez Perce,2024,91,73,18,0,0,0,0,84,54,26,0,0,0,91,0,46.3959861,-116.8072307
Idaho,Shoshone,2024,91,42,49,0,0,0,0,91,66,51,0,0,0,91,0,47.305486,-115.9583164
Idaho,Twin Falls,2024,87,86,1,0,0,0,0,52,25,12,0,0,0,87,0,42.2728777,-114.6971949
Idaho,Valley,2024,87,72,15,0,0,0,0,73,55,33,0,0,0,87,0,44.7475094,-115.5978843
Illinois,Adams,2024,116,103,13,0,0,0,0,97,51,43,0,0,116,0,0,39.9787786,-91.2110065
Illinois,Champaign,2024,183,130,53,0,0,0,0,96,61,44,0,0,110,73,0,40.1346857,-88.1975558
Illinois,Clark,2024,179,162,17,0,0,0,0,90,50,38,0,0,179,0,0,39.3260541,-87.7838526
Illinois,Cook,2024,184,75,107,2,0,0,0,129,77,53,1,12,68,98,5,41.8197385,-87.756525
Illinois,DuPage,2024,182,123,59,0,0,0,0,84,61,44,0,0,78,104,0,41.8603735,-88.0906873
Illinois,Effingham,2024,122,110,11,1,0,0,0,101,50,41,0,0,122,0,0,39.0520902,-88.6029006
Illinois,Hamilton,2024,182,127,54,1,0,0,0,112,58,44,0,0,77,105,0,38.0619569,-88.5301136
Illinois,Jersey,2024,149,115,33,1,0,0,0,112,58,44,0,0,85,64,0,39.0848464,-90.3303344
Illinois,Jo Daviess,2024,149,139,10,0,0,0,0,80,49,36,0,0,149,0,0,42.3506664,-90.1743742
Illinois,Kane,2024,144,115,29,0,0,0,0,93,61,42,0,0,109,35,0,41.923434,-88.4248315
Illinois,Lake,2024,122,104,17,1,0,0,0,140,58,41,0,0,122,0,0,42.332738,-87.9939552
Illinois,Macon,2024,182,128,53,1,0,0,0,101,59,43,0,0,87,95,0,39.8455208,-88.9602376
Illinois,Macoupin,2024,182,169,12,1,0,0,0,105,48,37,0,64,118,0,0,39.2420653,-89.925212
Illinois,Madison,2024,182,97,83,1,1,0,0,165,71,49,0,0,74,108,0,38.811063,-89.9017112
Illinois,McHenry,2024,182,142,40,0,0,0,0,90,58,40,0,0,95,87,0,42.3294391,-88.4605713
Illinois,McLean,2024,182,123,58,1,0,0,0,112,61,44,0,0,100,82,0,40.4631789,-88.8196613
Illinois,Peoria,2024,160,115,45,0,0,0,0,100,61,44,0,0,95,65,0,40.8021278,-89.7713762
Illinois,Randolph,2024,182,149,33,0,0,0,0,100,53,39,0,0,88,94,0,38.0472916,-89.8107962
Illinois,Rock Island,2024,182,139,43,0,0,0,0,84,55,44,0,0,100,82,0,41.4411786,-90.5766144
Illinois,Saint Clair,2024,182,115,66,1,0,0,0,112,64,45,0,1,64,117,0,38.4616972,-89.9324347
Illinois,Sangamon,2024,182,132,49,1,0,0,0,105,58,43,0,0,89,93,0,39.7623668,-89.6454905
Illinois,Will,2024,182,129,53,0,0,0,0,84,59,44,0,0,85,97,0,41.4194058,-87.9994754
Illinois,Winnebago,2024,182,133,49,0,0,0,0,84,58,43,0,0,98,84,0,42.3255276,-89.1496574
Indiana,Allen,2024,182,126,56,0,0,0,0,100,64,44,0,0,121,61,0,41.0975573,-85.0562084
Indiana,Bartholomew,2024,213,158,54,1,0,0,0,101,58,44,0,0,143,70,0,39.1914156,-85.8204601
Indiana,Boone,2024,178,159,19,0,0,0,0,93,51,37,0,0,178,0,0,40.0459913,-86.4650842
Indiana,Brown,2024,213,200,13,0,0,0,0,77,49,38,0,0,213,0,0,39.1682855,-86.2297004
Indiana,Carroll,2024,181,151,30,0,0,0,0,90,54,39,0,0,181,0,0,40.5802239,-86.5693296
Indiana,Clark,2024,206,135,69,2,0,0,0,112,61,46,0,0,114,91,1,38.4941217,-85.7169081
Indiana,Delaware,2024,181,126,55,0,0,0,0,97,61,44,0,0,111,70,0,40.2193275,-85.4040612
Indiana,Dubois,2024,152,108,44,0,0,0,0,65,57,39,0,0,0,152,0,38.3644324,-86.8870278
Indiana,Elkhart,2024,182,125,57,0,0,0,0,93,64,44,0,0,108,74,0,41.6012796,-85.8590603
Indiana,Floyd,2024,182,144,37,0,1,0,0,154,55,41,0,0,118,64,0,38.3179914,-85.9019389
Indiana,Greene,2024,178,136,42,0,0,0,0,97,57,42,0,0,101,77,0,39.0227107,-86.9958489
Indiana,Hamilton,2024,182,131,50,1,0,0,0,108,59,43,0,0,108,74,0,40.0749813,-86.0498885
Indiana,Hendricks,2024,171,165,6,0,0,0,0,77,47,36,0,0,171,0,0,39.7565309,-86.5173641
Indiana,Henry,2024,152,115,37,0,0,0,0,75,55,36,0,0,0,152,0,39.9297608,-85.4043542
Indiana,Howard,2024,182,110,72,0,0,0,0,93,63,46,0,0,108,74,0,40.4787061,-86.1350343
Indiana,Knox,2024,146,136,10,0,0,0,0,64,49,37,0,0,146,0,0,38.687009,-87.3811461
Indiana,LaPorte,2024,182,150,31,1,0,0,0,105,60,40,0,0,161,21,0,41.5718945,-86.7490124
Indiana,Lake,2024,182,90,91,0,1,0,0,166,68,51,0,0,73,104,5,,
Indiana,Madison,2024,182,134,48,0,0,0,0,90,58,44,0,0,108,74,0,40.1624531,-85.7260804
Indiana,Marion,2024,183,80,103,0,0,0,0,92,70,52,1,1,69,112,0,39.7809406,-86.1367647
Indiana,Monroe,2024,150,125,25,0,0,0,0,61,54,33,0,0,0,150,0,39.1296076,-86.5186372
Indiana,Perry,2024,154,134,20,0,0,0,0,90,51,41,0,0,154,0,0,38.0893386,-86.632911
Indiana,Porter,2024,182,141,41,0,0,0,0,71,59,40,0,0,85,60,37,41.4457032,-87.0724971
Indiana,Posey,2024,181,169,11,1,0,0,0,122,49,38,0,0,181,0,0,38.0145359,-87.8543645
Indiana,Shelby,2024,181,161,20,0,0,0,0,87,51,38,0,0,181,0,0,39.493485,-85.8190596
Indiana,Spencer,2024,48,39,9,0,0,0,0,57,54,31,0,0,0,48,0,38.0288806,-86.9976446
Indiana,St. Joseph,2024,182,123,59,0,0,0,0,87,62,44,0,0,109,73,0,41.5941578,-86.2787334
Indiana,Tippecanoe,2024,145,108,37,0,0,0,0,66,56,38,0,0,0,145,0,40.3916066,-86.8879689
Indiana,Vanderburgh,2024,212,149,61,2,0,0,0,119,59,44,0,0,126,86,0,38.0461185,-87.5806553
Indiana,Vigo,2024,182,109,73,0,0,0,0,90,63,46,0,0,87,95,0,39.4174652,-87.3974269
Indiana,Wabash,2024,152,141,11,0,0,0,0,77,49,35,0,0,152,0,0,40.8065352,-85.7833563
Indiana,Warrick,2024,213,192,20,1,0,0,0,101,50,40,0,0,213,0,0,38.0906065,-87.2758933
Indiana,Whitley,2024,152,113,39,0,0,0,0,70,55,35,0,0,0,152,0,41.1238216,-85.5035187
Iowa,Black Hawk,2024,212,141,71,0,0,0,0,87,57,43,0,0,0,212,0,42.4607526,-92.3030235
Iowa,Bremer,2024,142,122,20,0,0,0,0,71,54,41,0,0,142,0,0,42.7669649,-92.3099856
Iowa,Clinton,2024,212,138,74,0,0,0,0,84,58,46,0,0,102,110,0,41.9054695,-90.5599971
Iowa,Harrison,2024,153,128,25,0,0,0,0,90,61,43,0,0,153,0,0,41.6659155,-95.7976315
Iowa,Johnson,2024,211,158,53,0,0,0,0,67,56,36,0,0,0,211,0,41.6861834,-91.6061124
Iowa,Linn,2024,213,146,67,0,0,0,0,77,60,45,0,0,104,109,0,42.0631825,-91.6037932
Iowa,Montgomery,2024,202,155,47,0,0,0,0,76,57,44,0,0,103,99,0,41.0166807,-95.1753285
Iowa,Muscatine,2024,213,163,50,0,0,0,0,78,55,37,0,0,0,213,0,41.4776121,-91.1210053
Iowa,Palo Alto,2024,210,156,54,0,0,0,0,96,58,43,0,0,112,98,0,43.0762829,-94.6625047
Iowa,Polk,2024,213,139,74,0,0,0,0,80,59,46,0,2,106,105,0,41.6765808,-93.5921448
Iowa,Pottawattamie,2024,59,43,16,0,0,0,0,65,56,40,0,0,0,59,0,41.3115686,-95.5331269
Iowa,Scott,2024,214,131,83,0,0,0,0,90,63,47,1,0,108,77,28,41.6251843,-90.6164201
Iowa,Van Buren,2024,213,120,92,1,0,0,0,138,60,48,0,0,63,150,0,40.749202,-91.9689529
Iowa,Woodbury,2024,172,135,37,0,0,0,0,84,58,43,0,0,144,28,0,42.3775361,-96.0607187
Kansas,Ford,2024,91,90,1,0,0,0,0,61,28,11,0,0,0,0,91,37.7072469,-99.8943146
Kansas,Johnson,2024,91,64,27,0,0,0,0,77,59,41,0,0,36,55,0,38.8837933,-94.8389141
Kansas,Leavenworth,2024,91,91,0,0,0,0,0,49,44,33,0,0,91,0,0,39.2147095,-95.0620347
Kansas,Neosho,2024,91,62,27,1,1,0,0,168,59,39,0,0,31,58,2,37.5566345,-95.33166
Kansas,Sedgwick,2024,91,87,4,0,0,0,0,83,44,33,0,4,84,3,0,37.6448148,-97.4641388
Kansas,Shawnee,2024,91,79,12,0,0,0,0,68,52,38,0,0,62,29,0,39.0273676,-95.7627535
Kansas,Sherman,2024,62,59,3,0,0,0,0,64,42,22,0,0,0,57,5,39.3412127,-101.7492408
Kansas,Sumner,2024,91,74,17,0,0,0,0,80,54,37,0,0,47,42,2,37.2435967,-97.4792142
Kansas,Trego,2024,90,80,10,0,0,0,0,86,52,37,0,0,59,31,0,38.9289979,-99.9130572
Kansas,Wyandotte,2024,91,37,53,1,0,0,0,110,74,56,0,0,19,63,9,39.1090458,-94.767624
Kentucky,Bell,2024,91,52,39,0,0,0,0,88,66,44,0,0,19,72,0,36.7370344,-83.6491695
Kentucky,Boone,2024,31,30,1,0,0,0,0,54,49,36,0,0,31,0,0,38.9589235,-84.7160121
Kentucky,Boyd,2024,96,79,17,0,0,0,0,66,53,36,0,1,18,71,6,38.3608934,-82.6945926
Kentucky,Bullitt,2024,31,29,2,0,0,0,0,54,49,40,0,0,31,0,0,37.9749498,-85.6742394
Kentucky,Campbell,2024,101,86,15,0,0,0,0,69,52,36,0,1,16,84,0,38.9339799,-84.3715286
Kentucky,Carter,2024,96,87,9,0,0,0,0,62,49,28,0,0,26,65,5,38.3199171,-83.0039034
Kentucky,Christian,2024,90,71,19,0,0,0,0,69,55,38,0,0,18,72,0,36.8778665,-87.5014545
Kentucky,Edmonson,2024,151,143,8,0,0,0,0,61,49,38,0,0,151,0,0,37.1999181,-86.2206738
Kentucky,Fayette,2024,96,82,14,0,0,0,0,65,53,34,0,3,20,68,5,38.0280648,-84.4722444
Kentucky,Greenup,2024,30,30,0,0,0,0,0,48,45,36,0,0,30,0,0,38.5108112,-82.9180186
Kentucky,Hancock,2024,31,31,0,0,0,0,0,50,46,38,0,0,31,0,0,37.8189002,-86.7532261
Kentucky,Hardin,2024,96,80,16,0,0,0,0,63,55,39,0,0,18,78,0,37.6645815,-85.9634901
Kentucky,Jefferson,2024,92,55,37,0,0,0,0,71,60,45,1,4,19,68,0,38.1787175,-85.664528
Kentucky,Jessamine,2024,31,29,2,0,0,0,0,51,48,39,0,0,31,0,0,37.8652866,-84.576902
Kentucky,Livingston,2024,31,31,0,0,0,0,0,48,44,39,0,0,31,0,0,37.1898627,-88.3343825
Kentucky,McCracken,2024,91,74,17,0,0,0,0,65,53,38,0,6,17,68,0,37.0335839,-88.7107201
Kentucky,Morgan,2024,151,137,14,0,0,0,0,61,49,38,0,0,151,0,0,37.9198759,-83.2097119
Kentucky,Oldham,2024,31,29,2,0,0,0,0,58,48,39,0,0,31,0,0,38.404768450000006,-85.47683154436646
Kentucky,Perry,2024,77,61,15,1,0,0,0,117,57,37,0,0,20,57,0,37.2203608,-83.1640699
Kentucky,Pike,2024,91,82,9,0,0,0,0,70,48,29,0,0,25,66,0,37.4512431,-82.3855722
Kentucky,Pulaski,2024,91,75,16,0,0,0,0,68,54,36,0,0,17,74,0,37.1124781,-84.593893
Kentucky,Simpson,2024,31,29,2,0,0,0,0,54,47,40,0,0,31,0,0,36.73518,-86.5780102
Kentucky,Warren,2024,89,74,15,0,0,0,0,61,55,36,0,0,16,73,0,36.9812407,-86.4233533
Kentucky,Washington,2024,150,143,7,0,0,0,0,54,49,39,0,0,150,0,0,37.7310874,-85.1750475
Louisiana,Ascension,2024,181,169,12,0,0,0,0,90,48,34,0,7,174,0,0,30.2116442,-90.9186104
Louisiana,Bossier,2024,180,127,52,1,0,0,0,101,61,42,0,0,88,78,14,32.6676663,-93.5959786
Louisiana,Caddo,2024,172,146,25,1,0,0,0,101,53,39,0,0,149,23,0,32.529173,-93.8931785
Louisiana,Calcasieu,2024,182,93,87,2,0,0,0,143,64,50,0,0,66,116,0,30.2232015,-93.3434067
Louisiana,East Baton Rouge,2024,183,95,84,4,0,0,0,147,69,49,1,0,79,103,0,30.5254797,-91.0899217
Louisiana,Iberville,2024,182,148,32,2,0,0,0,129,61,40,0,1,171,10,0,30.2120844,-91.3133623
Louisiana,Jefferson,2024,182,116,65,0,1,0,0,188,61,47,0,6,85,91,0,29.8502657,-90.1293894
Louisiana,Lafayette,2024,182,101,80,1,0,0,0,108,61,48,0,0,59,123,0,30.2141462,-92.0710624
Louisiana,Lafourche,2024,181,105,76,0,0,0,0,93,58,47,0,0,41,140,0,29.5820155,-90.3964889
Louisiana,Livingston,2024,182,143,39,0,0,0,0,93,54,41,0,0,125,57,0,30.4158699,-90.7189344
Louisiana,Orleans,2024,183,141,41,1,0,0,0,105,55,38,1,24,0,158,0,30.0801436,-89.9319134
Louisiana,Ouachita,2024,182,169,13,0,0,0,0,80,48,39,0,0,168,14,0,32.4790511,-92.1615004
Louisiana,Pointe Coupee,2024,177,162,14,1,0,0,0,101,49,37,0,0,177,0,0,30.6194283,-91.5740887
Louisiana,Rapides,2024,31,29,2,0,0,0,0,78,47,29,0,0,0,31,0,31.1719886,-92.5526386
Louisiana,St. Bernard,2024,182,119,62,1,0,0,0,138,59,46,0,0,96,86,0,29.8217562,-89.6008692
Louisiana,St. James,2024,179,169,8,2,0,0,0,108,47,33,0,0,179,0,0,30.0096684,-90.7989525
Louisiana,St. John the Baptist,2024,182,165,15,2,0,0,0,105,50,36,0,0,182,0,0,30.1141748,-90.5276838
Louisiana,St. Martin,2024,165,145,19,1,0,0,0,101,51,38,0,0,165,0,0,30.1811426,-91.6081116
Louisiana,St. Tammany,2024,181,146,34,0,1,0,0,186,58,40,0,0,122,59,0,30.4243909,-89.9730381
Louisiana,Tangipahoa,2024,32,23,9,0,0,0,0,74,55,40,0,0,0,32,0,30.6323024,-90.4315754
Louisiana,Terrebonne,2024,31,27,4,0,0,0,0,99,54,32,0,0,0,31,0,29.4616211,-90.8705871
Louisiana,West Baton Rouge,2024,182,110,72,0,0,0,0,100,63,47,0,0,67,115,0,30.4514623,-91.3261882
Maine,Androscoggin,2024,213,198,15,0,0,0,0,77,47,34,0,0,128,83,2,44.1402839,-70.196395
Maine,Aroostook,2024,213,177,36,0,0,0,0,69,53,35,0,0,55,140,18,46.6847962,-68.4701132
Maine,Cumberland,2024,213,163,49,1,0,0,0,119,58,39,0,0,137,72,4,43.8506432,-70.4001498
Maine,Hancock,2024,214,197,17,0,0,0,0,97,50,39,2,0,209,3,0,44.7135397,-68.2994753
Maine,Kennebec,2024,213,176,37,0,0,0,0,77,53,38,0,0,104,109,0,44.4184616,-69.8250659
Maine,Knox,2024,203,192,11,0,0,0,0,84,45,35,0,0,203,0,0,44.1773049,-69.2127109
Maine,Oxford,2024,213,198,15,0,0,0,0,60,46,34,0,0,134,79,0,44.4694529,-70.7782375
Maine,Penobscot,2024,204,193,11,0,0,0,0,67,48,35,0,0,145,53,6,45.2930166,-68.5957766
Maine,Sagadahoc,2024,134,122,12,0,0,0,0,93,50,37,0,0,134,0,0,43.9900158,-69.8654643
Maine,Washington,2024,210,204,6,0,0,0,0,58,44,36,0,0,174,36,0,44.9744397,-67.6287553
Maine,York,2024,209,194,14,1,0,0,0,129,47,36,0,0,209,0,0,43.4229305,-70.6546639
Maryland,Anne Arundel,2024,103,90,13,0,0,0,0,93,61,42,0,0,87,0,16,38.9722583,-76.573454
Maryland,Baltimore,2024,182,125,56,1,0,0,0,115,67,44,0,4,126,52,0,39.2908816,-76.610759
Maryland,Baltimore (City),2024,181,132,45,4,0,0,0,108,64,43,0,5,99,77,0,39.3119423,-76.61322826007017
Maryland,Calvert,2024,31,28,3,0,0,0,0,74,50,39,0,0,31,0,0,38.5288529,-76.537764
Maryland,Carroll,2024,30,29,1,0,0,0,0,77,48,38,0,0,30,0,0,39.5685399,-77.026707
Maryland,Cecil,2024,182,131,50,1,0,0,0,126,61,44,0,0,94,88,0,39.5729428,-75.9381806
Maryland,Charles,2024,26,24,2,0,0,0,0,71,49,39,0,0,26,0,0,38.4991611,-77.027847
Maryland,Dorchester,2024,177,159,18,0,0,0,0,71,51,38,0,0,131,46,0,38.3930694,-76.0995677
Maryland,Frederick,2024,30,28,2,0,0,0,0,64,49,39,0,0,30,0,0,39.4608481,-77.4118135
Maryland,Garrett,2024,183,160,23,0,0,0,0,80,52,39,1,0,162,20,0,39.544087,-79.2496976
Maryland,Harford,2024,181,124,55,2,0,0,0,122,64,44,0,0,116,65,0,39.548545,-76.3048991
Maryland,Howard,2024,183,156,27,0,0,0,0,75,54,33,3,54,0,126,0,39.2305289,-76.9166241
Maryland,Kent,2024,178,164,14,0,0,0,0,81,48,27,0,0,27,151,0,39.2587546,-76.1038454
Maryland,Montgomery,2024,173,152,21,0,0,0,0,77,51,33,0,0,31,142,0,39.1406267,-77.2075612
Maryland,Prince George's,2024,183,148,35,0,0,0,0,100,61,40,1,9,155,18,0,38.803929,-76.8518695
Maryland,Washington,2024,182,150,32,0,0,0,0,85,55,40,0,0,118,64,0,39.5893502,-77.710254
Massachusetts,Barnstable,2024,173,168,4,1,0,0,0,101,46,38,0,0,173,0,0,41.7016936,-70.3036163
Massachusetts,Berkshire,2024,182,155,27,0,0,0,0,97,54,39,0,0,139,43,0,42.3999954,-73.2322639
Massachusetts,Bristol,2024,182,167,14,1,0,0,0,101,50,39,0,0,162,20,0,41.7425538,-71.0856545
Massachusetts,Dukes,2024,181,171,9,1,0,0,0,108,46,38,0,0,181,0,0,41.3926378,-70.642011
Massachusetts,Essex,2024,182,167,15,0,0,0,0,93,47,37,0,0,153,29,0,42.6762973,-70.9486776
Massachusetts,Franklin,2024,181,150,31,0,0,0,0,93,55,38,0,0,126,55,0,42.5896205,-72.6110645
Massachusetts,Hampden,2024,182,150,31,1,0,0,0,119,56,38,0,5,133,44,0,42.1285315,-72.6063441
Massachusetts,Hampshire,2024,182,162,18,2,0,0,0,112,51,37,0,0,138,44,0,42.3432499,-72.6213339
Massachusetts,Middlesex,2024,182,164,18,0,0,0,0,93,49,37,0,2,145,35,0,42.485452,-71.3968261
Massachusetts,Norfolk,2024,182,165,17,0,0,0,0,90,50,40,0,0,163,19,0,42.1538607,-71.1828015
Massachusetts,Plymouth,2024,182,164,18,0,0,0,0,97,49,38,0,0,148,34,0,41.9426657,-70.7618592
Massachusetts,Suffolk,2024,183,151,32,0,0,0,0,71,56,36,1,12,88,80,2,42.3544455,-70.9788771
Massachusetts,Worcester,2024,183,168,15,0,0,0,0,90,49,37,1,9,137,34,2,42.3705781,-71.8677242
Michigan,Allegan,2024,91,52,38,0,1,0,0,154,63,48,0,0,10,81,0,42.5867203,-85.8861492
Michigan,Bay,2024,90,69,21,0,0,0,0,73,58,40,0,0,0,90,0,43.6957567,-83.9402747
Michigan,Benzie,2024,31,31,0,0,0,0,0,45,41,38,0,0,31,0,0,44.6408868,-85.9928452
Michigan,Berrien,2024,31,31,0,0,0,0,0,48,44,36,0,0,31,0,0,41.9838614,-86.3985714
Michigan,Cass,2024,31,31,0,0,0,0,0,50,45,36,0,0,31,0,0,41.9090169,-85.9970051
Michigan,Clinton,2024,31,31,0,0,0,0,0,45,41,34,0,0,31,0,0,42.9435238,-84.6125345
Michigan,Genesee,2024,91,71,20,0,0,0,0,70,55,37,0,0,26,65,0,43.0220032,-83.7274305
Michigan,Huron,2024,31,31,0,0,0,0,0,46,43,37,0,0,31,0,0,43.8385749,-83.0221987
Michigan,Ingham,2024,91,70,21,0,0,0,0,85,57,36,0,2,40,49,0,42.5860505,-84.3800841
Michigan,Kalamazoo,2024,91,53,38,0,0,0,0,100,68,45,0,0,13,78,0,42.2494968,-85.5372797
Michigan,Kent,2024,92,49,43,0,0,0,0,89,65,46,1,1,29,61,0,43.0024013,-85.5502718
Michigan,Lenawee,2024,91,60,31,0,0,0,0,77,62,41,0,0,19,72,0,41.8735258,-84.0624323
Michigan,Macomb,2024,91,61,30,0,0,0,0,76,62,39,0,0,20,71,0,42.6741189,-82.902901
Michigan,Manistee,2024,89,76,13,0,0,0,0,76,54,37,0,0,28,61,0,44.3308044,-86.0262043
Michigan,Mason,2024,31,31,0,0,0,0,0,44,42,37,0,0,31,0,0,43.9778831,-86.246291
Michigan,Missaukee,2024,91,81,10,0,0,0,0,61,51,37,0,0,66,25,0,44.336979,-85.1070535
Michigan,Muskegon,2024,31,31,0,0,0,0,0,44,41,36,0,0,31,0,0,43.2484584,-86.129351
Michigan,Oakland,2024,59,32,27,0,0,0,0,82,69,46,0,0,13,46,0,42.6618842,-83.3804439
Michigan,Ottawa,2024,91,52,39,0,0,0,0,91,62,41,0,0,21,70,0,42.9547143,-85.9827867
Michigan,Schoolcraft,2024,91,90,1,0,0,0,0,57,42,18,0,0,29,62,0,46.1902943,-86.1833841
Michigan,St. Clair,2024,91,61,30,0,0,0,0,72,60,39,0,0,19,72,0,42.9426715,-82.6283554
Michigan,Tuscola,2024,152,144,8,0,0,0,0,84,46,35,0,0,152,0,0,43.4776781,-83.3951071
Michigan,Washtenaw,2024,152,112,40,0,0,0,0,81,62,43,0,0,92,60,0,42.2582044,-83.8440853
Michigan,Wayne,2024,92,28,62,1,1,0,0,152,74,56,1,0,7,84,0,42.2682408,-83.2844172
Michigan,Wexford,2024,152,145,7,0,0,0,0,80,46,38,0,0,152,0,0,44.3353211,-85.5741088
Minnesota,Anoka,2024,91,69,22,0,0,0,0,71,58,40,0,1,45,45,0,45.2710195,-93.2827625
Minnesota,Becker,2024,90,81,9,0,0,0,0,63,51,34,0,0,27,63,0,46.9298236,-95.6761851
Minnesota,Beltrami,2024,90,82,8,0,0,0,0,62,49,33,0,0,25,65,0,47.9978537,-94.8799011
Minnesota,Carlton,2024,90,80,10,0,0,0,0,71,52,35,0,0,25,65,0,46.5799933,-92.7206334
Minnesota,Cass,2024,90,81,9,0,0,0,0,61,54,26,0,0,0,90,0,47.0234117,-94.3454604
Minnesota,Cook,2024,89,87,2,0,0,0,0,56,30,11,0,0,0,89,0,47.9149076,-90.47301
Minnesota,Crow Wing,2024,90,73,17,0,0,0,0,68,55,37,0,0,27,63,0,46.4665237,-94.1017044
Minnesota,Dakota,2024,91,63,28,0,0,0,0,86,63,35,0,11,0,80,0,44.666655,-93.044911
Minnesota,Goodhue,2024,30,30,0,0,0,0,0,44,41,37,0,0,30,0,0,44.396973,-92.7175627
Minnesota,Hennepin,2024,91,59,31,1,0,0,0,113,68,36,0,4,21,64,2,45.0257232,-93.4865052
Minnesota,Lake,2024,90,88,2,0,0,0,0,51,43,21,0,0,27,63,0,47.6348022,-91.4394994
Minnesota,Lyon,2024,90,76,14,0,0,0,0,67,54,34,0,0,21,65,4,44.3880733,-95.8287296
Minnesota,Mille Lacs,2024,30,30,0,0,0,0,0,41,39,36,0,0,30,0,0,45.9311972,-93.640356
Minnesota,Olmsted,2024,90,73,17,0,0,0,0,68,56,37,0,0,24,66,0,43.9997437,-92.3767816
Minnesota,Ramsey,2024,91,68,23,0,0,0,0,77,61,31,0,0,0,80,11,45.0165728,-93.0949501
Minnesota,Saint Louis,2024,152,134,18,0,0,0,0,70,51,39,0,0,121,31,0,47.6201005,-92.4363343
Minnesota,Scott,2024,90,64,26,0,0,0,0,76,66,39,0,0,23,67,0,44.6506998,-93.5025726
Minnesota,Stearns,2024,90,70,20,0,0,0,0,66,59,37,0,0,26,64,0,45.535326,-94.6139422
Minnesota,Washington,2024,30,30,0,0,0,0,0,42,39,35,0,0,30,0,0,45.0078657,-92.874565
Minnesota,Wright,2024,90,69,21,0,0,0,0,71,58,37,0,0,26,64,0,45.1489061,-93.9639196
Mississippi,Bolivar,2024,91,80,11,0,0,0,0,68,56,35,0,0,18,73,0,33.7702263,-90.8519798
Mississippi,DeSoto,2024,91,77,14,0,0,0,0,77,52,36,0,0,18,73,0,34.8702932,-89.9778704
Mississippi,Forrest,2024,91,59,32,0,0,0,0,76,66,38,0,0,0,91,0,31.1540772,-89.2398601
Mississippi,Hancock,2024,85,67,18,0,0,0,0,84,54,39,0,0,23,62,0,30.3892456,-89.4782116
Mississippi,Harrison,2024,89,63,26,0,0,0,0,81,55,42,0,0,18,71,0,30.4553392,-89.1313136
Mississippi,Hinds,2024,92,60,32,0,0,0,0,85,66,44,1,0,35,56,0,32.2506391,-90.4793259
Mississippi,Jackson,2024,91,57,34,0,0,0,0,84,60,44,0,0,18,73,0,30.4899024,-88.6486325
Mississippi,Lauderdale,2024,31,31,0,0,0,0,0,47,45,39,0,0,31,0,0,32.3905206,-88.689636
Mississippi,Lee,2024,31,31,0,0,0,0,0,50,47,40,0,0,31,0,0,34.265749,-88.6913264
Mississippi,Yalobusha,2024,143,136,7,0,0,0,0,71,48,39,0,0,143,0,0,34.0213455,-89.6991703
Missouri,Andrew,2024,37,37,0,0,0,0,0,50,47,40,0,0,37,0,0,39.9845508,-94.8090258
Missouri,Boone,2024,36,33,3,0,0,0,0,58,50,39,0,0,36,0,0,39.0153926,-92.3307534
Missouri,Buchanan,2024,89,52,37,0,0,0,0,75,59,44,0,0,0,84,5,39.6733203,-94.794829
Missouri,Callaway,2024,39,38,1,0,0,0,0,54,49,40,0,0,39,0,0,38.8491265,-91.9257607
Missouri,Cass,2024,89,76,12,1,0,0,0,107,53,27,0,0,0,89,0,38.6585427,-94.3721539
Missouri,Cedar,2024,88,84,4,0,0,0,0,54,46,36,0,0,42,46,0,37.7084225,-93.861222
Missouri,Clay,2024,89,80,9,0,0,0,0,61,51,37,0,0,29,60,0,39.3187409,-94.4046405
Missouri,Clinton,2024,37,36,1,0,0,0,0,51,47,40,0,0,37,0,0,39.5975986,-94.4184896
Missouri,Greene,2024,89,58,31,0,0,0,0,82,67,40,0,0,18,71,0,37.2671929,-93.3465486
Missouri,Jackson,2024,89,47,41,1,0,0,0,109,62,48,0,14,0,56,19,39.0355211,-94.35835090354078
Missouri,Jasper,2024,89,76,13,0,0,0,0,99,54,30,0,0,28,0,61,37.176515,-94.3103412
Missouri,Jefferson,2024,89,73,16,0,0,0,0,70,54,36,0,0,33,56,0,38.267166,-90.5721889
Missouri,Lincoln,2024,39,37,2,0,0,0,0,61,50,40,0,0,39,0,0,39.0605477,-90.959359
Missouri,Monroe,2024,89,89,0,0,0,0,0,50,42,32,0,1,87,0,1,39.494421,-91.9896892
Missouri,Perry,2024,32,32,0,0,0,0,0,48,45,40,0,0,32,0,0,37.7107349,-89.8430248
Missouri,Saint Charles,2024,37,33,4,0,0,0,0,54,51,40,0,0,37,0,0,,
Missouri,Saint Louis,2024,89,85,4,0,0,0,0,56,46,35,0,25,38,26,0,38.6280278,-90.1910154
Missouri,Sainte Genevieve,2024,32,32,0,0,0,0,0,50,48,40,0,0,32,0,0,37.88958,-90.1856637
Missouri,St. Louis City,2024,91,43,46,1,1,0,0,156,74,51,2,0,10,70,9,,
Montana,Beaverhead,2024,78,78,0,0,0,0,0,32,16,9,0,0,0,78,0,45.1708403,-112.9537553
Montana,Cascade,2024,87,52,35,0,0,0,0,74,58,46,0,0,0,87,0,47.3271465,-111.3281242
Montana,Custer,2024,91,88,3,0,0,0,0,57,41,34,0,3,59,29,0,46.2426088,-105.5692958
Montana,Dawson,2024,91,90,1,0,0,0,0,53,31,12,0,0,0,91,0,47.2416708,-104.9259088
Montana,Fergus,2024,91,91,0,0,0,0,0,49,44,38,0,0,79,12,0,47.2128617,-109.2175566
Montana,Flathead,2024,152,128,24,0,0,0,0,77,53,40,0,0,99,42,11,48.3840879,-113.972144
Montana,Gallatin,2024,153,141,12,0,0,0,0,69,45,20,8,7,0,138,0,45.4868491,-111.1967693
Montana,Glacier,2024,80,78,2,0,0,0,0,54,37,21,0,0,0,80,0,48.6966449,-112.9467116
Montana,Hill,2024,87,85,2,0,0,0,0,58,39,19,0,0,0,87,0,48.6655784,-110.2107103
Montana,Lewis and Clark,2024,91,52,38,1,0,0,0,116,71,46,0,0,37,54,0,47.2117026,-112.4768049
Montana,Lincoln,2024,91,33,58,0,0,0,0,99,72,54,0,0,0,91,0,48.5891095,-115.4911526
Montana,Missoula,2024,91,40,51,0,0,0,0,92,70,52,0,0,12,79,0,46.9653891,-113.9232612
Montana,Phillips,2024,89,88,1,0,0,0,0,54,36,19,0,0,0,89,0,48.3541037,-107.9275256
Montana,Ravalli,2024,91,70,21,0,0,0,0,89,64,23,0,0,0,91,0,46.0757223,-114.1139453
Montana,Richland,2024,91,88,3,0,0,0,0,57,42,35,0,0,67,24,0,47.8314138,-104.559421
Montana,Sanders,2024,91,81,10,0,0,0,0,65,51,32,0,0,0,91,0,47.6801812,-115.1769538
Montana,Silver Bow,2024,91,59,32,0,0,0,0,95,60,37,0,0,0,89,2,45.9009106,-112.6788845
Montana,Teton,2024,85,83,2,0,0,0,0,65,29,13,0,0,0,85,0,47.8455676,-112.2566035
Montana,Yellowstone,2024,91,83,8,0,0,0,0,58,44,36,0,4,50,37,0,45.9645464,-108.276076
Nebraska,Cass,2024,170,166,4,0,0,0,0,68,31,14,0,0,0,0,170,40.9017313,-96.1922102
Nebraska,Douglas,2024,183,129,53,1,0,0,0,101,61,43,1,0,120,62,0,41.2954112,-96.1415672
Nebraska,Gage,2024,158,126,32,0,0,0,0,69,55,30,0,0,0,158,0,40.2469449,-96.7021336
Nebraska,Hall,2024,183,145,38,0,0,0,0,80,55,29,0,0,0,183,0,40.8627335,-98.5122907
Nebraska,Knox,2024,120,117,3,0,0,0,0,84,44,34,0,0,120,0,0,42.6206698,-97.8901445
Nebraska,Lancaster,2024,41,31,10,0,0,0,0,64,58,35,0,0,0,41,0,40.9515685,-96.6909842
Nebraska,Sarpy,2024,176,146,30,0,0,0,0,94,55,31,0,0,0,176,0,41.0923005,-96.10075608814398
Nebraska,Scotts Bluff,2024,197,181,16,0,0,0,0,88,43,9,0,0,0,197,0,41.8555787,-103.7088303
Nebraska,Washington,2024,177,149,28,0,0,0,0,81,54,27,0,0,0,177,0,41.5407766,-96.246548
Nevada,Carson City,2024,91,84,7,0,0,0,0,66,48,41,0,0,70,21,0,39.1698022,-119.7575628
Nevada,Churchill,2024,91,89,2,0,0,0,0,51,44,37,0,0,91,0,0,39.6136309,-118.4191948
Nevada,Clark,2024,122,59,58,5,0,0,0,140,83,51,1,0,79,37,5,36.3467726,-115.090737
Nevada,Douglas,2024,91,82,9,0,0,0,0,76,50,23,0,0,0,91,0,38.9072611,-119.6201824
Nevada,Elko,2024,91,91,0,0,0,0,0,31,19,8,0,0,0,0,91,41.1958128,-115.3272864
Nevada,Lyon,2024,89,88,1,0,0,0,0,51,45,38,0,0,89,0,0,38.9887898,-119.1822042
Nevada,Nye,2024,91,87,4,0,0,0,0,68,28,13,0,0,0,0,91,38.3544843,-116.406961
Nevada,Washoe,2024,92,73,19,0,0,0,0,78,58,45,1,2,60,29,0,40.5849048,-119.6131606
Nevada,White Pine,2024,151,128,23,0,0,0,0,84,61,43,0,0,151,0,0,39.5298185,-114.8899563
New Hampshire,Belknap,2024,91,89,2,0,0,0,0,52,43,28,0,0,31,60,0,43.5218848,-71.4530581
New Hampshire,Cheshire,2024,91,72,19,0,0,0,0,63,55,37,0,0,52,39,0,42.9525022,-72.2834412
New Hampshire,Coos,2024,92,87,5,0,0,0,0,61,48,42,1,0,91,0,0,44.698627,-71.3768039
New Hampshire,Grafton,2024,150,148,2,0,0,0,0,54,44,36,0,0,132,18,0,43.9702453,-71.8742626
New Hampshire,Hillsborough,2024,92,92,0,0,0,0,0,47,42,36,1,0,89,2,0,42.9373379,-71.751376
New Hampshire,Merrimack,2024,31,31,0,0,0,0,0,44,43,38,0,0,31,0,0,43.3260376,-71.6854725
New Hampshire,Rockingham,2024,92,90,2,0,0,0,0,55,45,39,1,0,75,16,0,42.9966675,-71.1003143
New Jersey,Atlantic,2024,91,80,11,0,0,0,0,66,51,32,0,0,39,52,0,39.5143268,-74.6632883
New Jersey,Bergen,2024,92,77,15,0,0,0,0,69,55,36,1,40,27,24,0,40.9678345,-74.0563254
New Jersey,Camden,2024,92,61,31,0,0,0,0,74,63,40,1,7,35,49,0,39.8014709,-74.968553
New Jersey,Cumberland,2024,90,79,11,0,0,0,0,64,52,37,0,2,65,23,0,39.3183341,-75.1623239
New Jersey,Gloucester,2024,91,79,12,0,0,0,0,77,53,37,0,0,38,53,0,39.7267303,-75.1535378
New Jersey,Hudson,2024,92,74,18,0,0,0,0,73,58,38,1,32,28,31,0,40.7381635,-74.0550731
New Jersey,Hunterdon,2024,91,76,15,0,0,0,0,74,55,38,0,0,52,39,0,40.5770634,-74.9261552
New Jersey,Mercer,2024,150,120,30,0,0,0,0,100,59,40,0,0,110,40,0,40.2807177,-74.7033717
New Jersey,Middlesex,2024,91,83,8,0,0,0,0,62,49,32,0,10,59,22,0,40.4279708,-74.3963102
New Jersey,Monmouth,2024,45,45,0,0,0,0,0,44,43,36,0,0,45,0,0,40.2932319,-74.1671114
New Jersey,Morris,2024,91,87,4,0,0,0,0,71,44,36,0,2,75,14,0,40.8679538,-74.5601181
New Jersey,Ocean,2024,91,80,11,0,0,0,0,64,52,38,0,0,39,52,0,39.977818,-74.3319287
New Jersey,Passaic,2024,91,73,18,0,0,0,0,66,55,36,0,0,33,58,0,41.0461864,-74.3177933
New Jersey,Union,2024,92,55,37,0,0,0,0,85,66,45,1,19,0,72,0,40.6652251,-74.3045277
New Jersey,Warren,2024,85,72,13,0,0,0,0,63,53,34,0,17,42,26,0,40.8602222,-74.9720493
New Mexico,Bernalillo,2024,92,55,33,3,0,0,1,443,62,46,1,2,43,32,14,35.0349239,-106.6870693
New Mexico,Dona Ana,2024,91,51,32,3,1,1,3,692,88,46,0,2,38,33,18,32.32817,-106.849423
New Mexico,Eddy,2024,152,96,49,7,0,0,0,115,90,46,0,0,152,0,0,32.4003136,-104.345259
New Mexico,Lea,2024,89,84,5,0,0,0,0,70,47,38,0,0,72,17,0,32.7448727,-103.3828242
New Mexico,Luna,2024,91,87,2,1,1,0,0,153,31,7,0,0,0,0,91,32.1345966,-107.7682754
New Mexico,Rio Arriba,2024,90,84,6,0,0,0,0,58,49,43,0,0,90,0,0,36.5488273,-106.8155233
New Mexico,San Juan,2024,165,110,50,5,0,0,0,105,90,45,0,3,161,0,1,36.4755752,-108.3046555
New Mexico,Sandoval,2024,91,90,1,0,0,0,0,51,44,38,0,0,91,0,0,35.5910806,-106.8472167
New Mexico,Santa Fe,2024,89,87,2,0,0,0,0,64,46,39,0,0,88,1,0,35.4859674,-106.01355
New Mexico,Taos,2024,90,90,0,0,0,0,0,46,31,14,0,0,0,90,0,36.4925795,-105.6812782
New Mexico,Valencia,2024,90,90,0,0,0,0,0,47,42,34,0,0,90,0,0,34.7325886,-106.8503919
New York,Albany,2024,182,154,28,0,0,0,0,100,53,37,0,0,124,58,0,42.5986896,-73.9843997
New York,Bronx,2024,183,124,57,2,0,0,0,150,63,43,1,17,93,72,0,40.8506558,-73.8665241
New York,Chautauqua,2024,180,162,17,1,0,0,0,105,51,38,0,0,173,7,0,42.2894671,-79.421728
New York,Dutchess,2024,182,167,12,2,1,0,0,151,50,37,0,0,182,0,0,41.7194303,-73.7516205
New York,Erie,2024,183,138,44,1,0,0,0,105,56,41,2,8,99,73,1,42.7164263,-78.7620327
New York,Essex,2024,182,161,21,0,0,0,0,80,54,42,0,0,179,3,0,44.0638879,-73.7542043
New York,Hamilton,2024,177,170,7,0,0,0,0,74,45,36,0,0,177,0,0,43.6307863,-74.4659275
New York,Jefferson,2024,181,173,8,0,0,0,0,80,44,34,0,0,181,0,0,44.059311,-75.9995742
New York,Kings,2024,153,106,47,0,0,0,0,89,61,37,0,0,0,153,0,,
New York,Monroe,2024,183,146,37,0,0,0,0,81,54,38,1,1,104,77,0,,
New York,New York,2024,183,123,59,1,0,0,0,150,64,44,2,0,84,97,0,40.7127281,-74.0060152
New York,Niagara,2024,130,117,12,1,0,0,0,105,51,35,0,0,130,0,0,43.2042439,-78.7676017
New York,Oneida,2024,150,135,15,0,0,0,0,58,51,26,0,0,0,150,0,43.2144051,-75.4039155
New York,Onondaga,2024,182,168,14,0,0,0,0,84,50,37,0,0,140,42,0,43.015598,-76.2257127
New York,Orange,2024,148,130,18,0,0,0,0,59,52,29,0,0,0,148,0,41.3873306,-74.2507287
New York,Oswego,2024,176,171,5,0,0,0,0,61,44,34,0,0,176,0,0,43.4112973,-76.1279841
New York,Putnam,2024,181,164,12,5,0,0,0,136,49,36,0,0,181,0,0,41.426996,-73.760156
New York,Queens,2024,183,115,67,1,0,0,0,112,66,45,1,16,74,92,0,40.6515585,-73.79267536317502
New York,Richmond,2024,181,155,23,3,0,0,0,140,54,37,0,0,115,66,0,,
New York,Rockland,2024,182,153,26,3,0,0,0,150,53,39,0,0,139,43,0,41.1519319,-74.0357266
New York,Saratoga,2024,178,171,7,0,0,0,0,84,46,34,0,0,178,0,0,43.0833231,-73.8712155
New York,Steuben,2024,183,166,17,0,0,0,0,68,50,37,2,0,153,28,0,42.2359045,-77.3750862
New York,Suffolk,2024,183,162,18,3,0,0,0,133,51,38,1,5,171,6,0,40.8832318,-72.8578027
New York,Tompkins,2024,151,149,2,0,0,0,0,54,45,35,0,0,151,0,0,42.445339000000004,-76.47279396502887
New York,Wayne,2024,178,171,7,0,0,0,0,74,46,34,0,0,178,0,0,43.1500557,-77.0377603
New York,Westchester,2024,181,155,24,2,0,0,0,143,54,37,0,0,132,49,0,41.1763139,-73.7907554
North Carolina,Alexander,2024,61,52,9,0,0,0,0,87,51,44,0,0,61,0,0,35.924738,-81.1716315
North Carolina,Avery,2024,61,52,9,0,0,0,0,90,51,44,0,0,61,0,0,36.0771285,-81.9230523
North Carolina,Buncombe,2024,91,68,23,0,0,0,0,81,55,40,0,0,20,71,0,35.6292222,-82.5255603
North Carolina,Caldwell,2024,61,55,6,0,0,0,0,87,50,43,0,0,61,0,0,35.9417876,-81.5262567
North Carolina,Carteret,2024,151,147,4,0,0,0,0,71,47,38,0,0,151,0,0,34.8496625,-76.5931208
North Carolina,Caswell,2024,61,52,9,0,0,0,0,84,54,43,0,0,61,0,0,36.4035101,-79.3357315
North Carolina,Catawba,2024,91,62,29,0,0,0,0,93,60,42,0,0,0,91,0,35.6740563,-81.2107215
North Carolina,Cumberland,2024,121,83,37,1,0,0,0,110,61,44,0,0,51,69,1,35.0461723,-78.8394255
North Carolina,Davidson,2024,91,67,24,0,0,0,0,89,62,37,0,0,0,91,0,35.7902384,-80.2115053
North Carolina,Durham,2024,121,59,62,0,0,0,0,89,61,51,0,0,40,81,0,36.0181316,-78.8751582
North Carolina,Edgecombe,2024,111,100,11,0,0,0,0,76,50,37,0,0,53,58,0,35.9213841,-77.5971695
North Carolina,Forsyth,2024,152,98,53,1,0,0,0,111,69,47,0,3,71,78,0,36.1476399,-80.2415712
North Carolina,Graham,2024,60,42,18,0,0,0,0,77,67,46,0,0,60,0,0,35.359542,-83.8337785
North Carolina,Granville,2024,61,52,9,0,0,0,0,90,54,44,0,0,61,0,0,36.3210127,-78.6593963
North Carolina,Guilford,2024,121,94,27,0,0,0,0,87,58,40,0,0,54,57,10,36.0875688,-79.7888515
North Carolina,Haywood,2024,61,37,24,0,0,0,0,90,67,49,0,0,61,0,0,35.5456202,-82.9907823
North Carolina,Johnston,2024,121,101,20,0,0,0,0,80,54,41,0,0,50,71,0,35.5285816,-78.3768021
North Carolina,Lenoir,2024,121,115,6,0,0,0,0,74,48,19,0,0,61,0,60,35.2590371,-77.6484879
North Carolina,Lincoln,2024,59,52,7,0,0,0,0,74,51,42,0,0,59,0,0,35.4866424,-81.2062724
North Carolina,Macon,2024,150,137,13,0,0,0,0,71,50,38,0,0,150,0,0,35.1436639,-83.3977297
North Carolina,Martin,2024,61,60,1,0,0,0,0,61,45,37,0,0,61,0,0,35.8134443,-77.0948861
North Carolina,Mecklenburg,2024,214,110,102,2,0,0,0,115,71,50,1,0,99,114,0,35.2356385,-80.8139485
North Carolina,Mitchell,2024,89,75,14,0,0,0,0,83,54,22,0,0,0,89,0,36.0001181,-82.1349028
North Carolina,Montgomery,2024,151,125,26,0,0,0,0,83,56,39,0,0,114,37,0,35.3299572,-79.8979019
North Carolina,New Hanover,2024,121,98,23,0,0,0,0,97,57,41,0,0,53,68,0,34.2751052,-77.8818627
North Carolina,Northampton,2024,174,164,10,0,0,0,0,82,37,8,0,87,0,87,0,36.4168078,-77.3642227
North Carolina,Person,2024,61,56,5,0,0,0,0,77,50,42,0,0,61,0,0,36.3967816,-78.9882995
North Carolina,Pitt,2024,121,105,16,0,0,0,0,74,52,38,0,0,55,66,0,35.611481,-77.3707461
North Carolina,Rockingham,2024,60,51,9,0,0,0,0,87,64,44,0,0,60,0,0,36.3926798,-79.744144
North Carolina,Rowan,2024,163,134,29,0,0,0,0,89,58,36,0,43,75,45,0,35.6315952,-80.5171754
North Carolina,Swain,2024,120,104,16,0,0,0,0,83,54,39,0,0,52,68,0,35.45819,-83.466275
North Carolina,Union,2024,61,52,9,0,0,0,0,71,54,43,0,0,61,0,0,34.9795158,-80.5128209
North Carolina,Wake,2024,183,157,26,0,0,0,0,81,54,35,1,61,73,48,0,35.7979355,-78.6118311
North Carolina,Yancey,2024,57,37,20,0,0,0,0,80,61,47,0,0,57,0,0,35.8875402,-82.3035673
North Dakota,Billings,2024,182,169,12,1,0,0,0,106,49,38,0,0,160,22,0,47.0456305,-103.3943708
North Dakota,Burke,2024,182,170,11,1,0,0,0,105,48,38,0,0,148,32,2,48.7882181,-102.5295867
North Dakota,Burleigh,2024,183,148,33,2,0,0,0,127,55,39,1,1,118,61,2,46.9498874,-100.5127667
North Dakota,Cass,2024,182,166,15,1,0,0,0,134,50,37,0,0,127,55,0,46.9241972,-97.220631
North Dakota,Dunn,2024,181,173,7,1,0,0,0,108,46,36,0,0,153,28,0,47.30612,-102.6112348
North Dakota,McKenzie,2024,182,167,15,0,0,0,0,97,48,38,0,0,156,26,0,47.7702536,-103.4734684
North Dakota,Mercer,2024,182,168,13,1,0,0,0,142,48,36,0,0,140,42,0,47.3347663,-101.8650031
North Dakota,Oliver,2024,182,166,16,0,0,0,0,89,49,37,0,0,146,36,0,47.1077709,-101.3524486
North Dakota,Ward,2024,182,173,8,1,0,0,0,101,47,37,0,0,135,47,0,48.2488309,-101.6242607
Ohio,Allen,2024,182,129,53,0,0,0,0,97,61,44,0,0,91,91,0,40.8077797,-84.0572225
Ohio,Ashtabula,2024,122,99,21,2,0,0,0,108,61,41,0,0,122,0,0,41.91086185,-80.76115338397186
Ohio,Athens,2024,182,168,14,0,0,0,0,62,45,27,0,0,0,182,0,39.355589,-82.0610404
Ohio,Belmont,2024,182,122,60,0,0,0,0,77,57,39,0,5,0,154,23,40.0057737,-81.0097516
Ohio,Butler,2024,182,78,101,3,0,0,0,122,67,53,0,0,58,123,1,39.4233043,-84.5936897
Ohio,Clark,2024,182,116,64,2,0,0,0,133,64,45,0,0,77,105,0,39.9229676,-83.7905959
Ohio,Clermont,2024,181,158,21,2,0,0,0,119,52,39,0,0,113,68,0,39.0678155,-84.1566341
Ohio,Clinton,2024,122,96,24,2,0,0,0,112,64,44,0,0,122,0,0,39.4259873,-83.8445792
Ohio,Columbiana,2024,33,33,0,0,0,0,0,34,17,11,0,0,0,0,33,40.7787016,-80.7648602
Ohio,Cuyahoga,2024,183,69,111,3,0,0,0,115,80,54,1,1,62,111,8,41.4301347,-81.6905558
Ohio,Delaware,2024,119,95,24,0,0,0,0,93,67,42,0,0,119,0,0,40.2317686,-82.9651045
Ohio,Franklin,2024,182,82,99,1,0,0,0,101,71,52,0,1,63,109,9,,
Ohio,Geauga,2024,121,99,21,1,0,0,0,101,61,42,0,0,121,0,0,41.4768249,-81.1850459
Ohio,Greene,2024,114,95,19,0,0,0,0,93,64,43,0,0,114,0,0,39.6908207,-83.9175037
Ohio,Hamilton,2024,183,90,87,6,0,0,0,129,65,51,1,5,72,105,0,39.2085354,-84.5501874
Ohio,Jefferson,2024,182,116,66,0,0,0,0,93,61,44,0,0,78,104,0,40.3792938,-80.7847619
Ohio,Knox,2024,122,101,20,1,0,0,0,101,61,42,0,0,122,0,0,40.4467896,-82.4056302
Ohio,Lake,2024,181,142,35,4,0,0,0,136,61,40,0,0,105,76,0,41.7064789,-81.2380032
Ohio,Lawrence,2024,182,138,44,0,0,0,0,68,54,43,0,0,87,95,0,38.6065461,-82.5702511
Ohio,Licking,2024,122,106,16,0,0,0,0,100,54,42,0,0,122,0,0,40.1318041,-82.4627856
Ohio,Lorain,2024,122,110,12,0,0,0,0,74,50,39,0,0,122,0,0,41.2633554,-82.1734746
Ohio,Lucas,2024,182,88,92,2,0,0,0,119,71,51,0,0,83,99,0,41.6508446,-83.621321
Ohio,Madison,2024,122,103,19,0,0,0,0,100,58,42,0,0,122,0,0,39.8868227,-83.3937233
Ohio,Mahoning,2024,182,122,60,0,0,0,0,93,60,44,0,0,85,97,0,40.9830133,-80.7826416
Ohio,Medina,2024,182,114,68,0,0,0,0,100,65,45,0,0,87,95,0,41.1000764,-81.9382517
Ohio,Miami,2024,122,98,23,1,0,0,0,101,67,44,0,0,122,0,0,40.0580258,-84.2236524
Ohio,Montgomery,2024,182,110,69,3,0,0,0,147,64,47,0,0,87,94,1,39.6837328,-84.2854817
Ohio,Noble,2024,139,125,14,0,0,0,0,87,58,39,0,0,139,0,0,39.7517148,-81.4957347
Ohio,Portage,2024,122,96,24,2,0,0,0,108,74,44,0,0,122,0,0,41.1496775,-81.2082
Ohio,Preble,2024,183,120,63,0,0,0,0,100,60,44,1,0,92,90,0,39.8125011,-84.6411162
Ohio,Scioto,2024,182,131,51,0,0,0,0,80,57,38,0,0,0,177,5,38.823448,-83.017141
Ohio,Stark,2024,182,101,81,0,0,0,0,93,67,47,0,0,61,121,0,40.7214654,-81.4399734
Ohio,Summit,2024,157,109,47,1,0,0,0,105,69,44,0,0,90,67,0,41.1457902,-81.5333603
Ohio,Trumbull,2024,182,121,61,0,0,0,0,97,61,45,0,0,80,102,0,41.3151853,-80.76113355264874
Ohio,Warren,2024,181,133,44,4,0,0,0,108,61,43,0,0,100,81,0,39.4203978,-84.180897
Ohio,Washington,2024,122,109,13,0,0,0,0,90,51,40,0,0,122,0,0,39.4782641,-81.5488945
Ohio,Wood,2024,122,98,23,1,0,0,0,101,61,40,0,0,122,0,0,41.2776661,-83.6643025
Oklahoma,Adair,2024,91,48,39,4,0,0,0,138,65,48,0,0,18,73,0,35.8783136,-94.6567402
Oklahoma,Canadian,2024,90,81,9,0,0,0,0,77,51,43,0,0,90,0,0,35.5438102,-98.0031532
Oklahoma,Carter,2024,151,93,56,2,0,0,0,126,67,46,0,0,56,95,0,34.2330314,-97.2789479
Oklahoma,Cleveland,2024,152,81,70,1,0,0,0,112,67,49,0,0,61,91,0,35.2301869,-97.3109151
Oklahoma,Comanche,2024,148,115,33,0,0,0,0,77,56,39,0,0,52,96,0,34.6557505,-98.4485103
Oklahoma,Creek,2024,82,63,18,0,1,0,0,179,67,44,0,0,82,0,0,35.8830723,-96.3835476
Oklahoma,Dewey,2024,152,106,43,3,0,0,0,112,64,42,0,0,61,91,0,35.9795036,-98.9816579
Oklahoma,Jefferson,2024,114,106,8,0,0,0,0,67,47,41,0,0,114,0,0,34.1234448,-97.8379641
Oklahoma,Johnston,2024,75,59,16,0,0,0,0,87,71,44,0,0,75,0,0,34.31888,-96.6752298
Oklahoma,Kay,2024,142,78,59,4,1,0,0,193,69,48,0,0,0,142,0,36.8384462,-97.1571626
Oklahoma,Mayes,2024,37,35,2,0,0,0,0,54,48,39,0,0,37,0,0,36.3047676,-95.2355722
Oklahoma,McClain,2024,76,52,23,1,0,0,0,115,74,45,0,0,76,0,0,34.9756991,-97.481167
Oklahoma,Oklahoma,2024,160,83,76,1,0,0,0,119,69,49,1,10,57,91,1,35.5533328,-97.4367741
Oklahoma,Osage,2024,121,98,23,0,0,0,0,100,61,44,0,0,121,0,0,36.6189659,-96.401338
Oklahoma,Ottawa,2024,91,55,36,0,0,0,0,100,69,42,0,0,4,83,4,36.8223646,-94.8186091
Oklahoma,Pittsburg,2024,150,101,49,0,0,0,0,77,64,44,0,0,51,99,0,34.9327085,-95.7625858
Oklahoma,Pontotoc,2024,181,135,46,0,0,0,0,77,58,41,0,0,111,69,1,34.707331,-96.6814853
Oklahoma,Sequoyah,2024,120,77,43,0,0,0,0,87,60,44,0,0,5,115,0,35.5035863,-94.7360577
Oklahoma,Tulsa,2024,152,75,74,3,0,0,0,111,64,51,0,0,58,93,1,36.1012145,-95.9250506
Oklahoma,Washington,2024,121,71,47,2,1,0,0,156,67,47,0,0,65,56,0,36.6930592,-95.9078261
Oregon,Baker,2024,91,83,8,0,0,0,0,67,47,25,0,0,0,91,0,44.7259637,-117.6204818
Oregon,Clackamas,2024,91,90,1,0,0,0,0,51,30,17,0,0,0,91,0,45.1608821,-122.2305038
Oregon,Columbia,2024,91,91,0,0,0,0,0,47,31,21,0,0,0,91,0,45.9280203,-123.082293
Oregon,Crook,2024,91,75,16,0,0,0,0,75,54,31,0,0,0,91,0,44.1460291,-120.3839476
Oregon,Deschutes,2024,91,84,7,0,0,0,0,60,48,21,0,0,0,91,0,43.8194838,-121.1669662
Oregon,Grant,2024,91,34,57,0,0,0,0,88,66,54,0,0,0,91,0,44.464824,-119.0565278
Oregon,Harney,2024,91,37,54,0,0,0,0,85,70,53,0,0,0,91,0,43.055195,-119.0240263
Oregon,Jackson,2024,91,72,19,0,0,0,0,75,54,37,0,0,0,91,0,42.398015,-122.7540948
Oregon,Jefferson,2024,91,75,16,0,0,0,0,62,54,34,0,0,0,91,0,44.6072499,-121.2463145
Oregon,Josephine,2024,91,71,20,0,0,0,0,58,53,36,0,0,0,91,0,42.3554368,-123.5602707
Oregon,Klamath,2024,91,75,16,0,0,0,0,63,53,32,0,0,0,91,0,42.6052565,-121.739544
Oregon,Lake,2024,91,79,12,0,0,0,0,77,52,24,0,0,0,91,0,42.7702847,-120.4528326
Oregon,Lane,2024,91,47,44,0,0,0,0,84,61,48,0,0,0,91,0,43.9314567,-122.8575849
Oregon,Linn,2024,91,79,12,0,0,0,0,64,52,34,0,0,0,91,0,44.4968904,-122.5485977
Oregon,Marion,2024,91,77,14,0,0,0,0,65,52,24,0,0,0,91,0,44.8964425,-122.7203248
Oregon,Multnomah,2024,92,82,10,0,0,0,0,64,52,33,1,1,55,35,0,45.5093799,-122.4006413
Oregon,Umatilla,2024,91,74,17,0,0,0,0,86,58,28,0,0,0,91,0,45.6416995,-118.7671122
Oregon,Union,2024,91,88,3,0,0,0,0,63,41,23,0,0,0,91,0,45.2680014,-118.0257466
Oregon,Wallowa,2024,78,75,3,0,0,0,0,53,38,23,0,0,0,78,0,45.5582608,-117.1990173
Oregon,Wasco,2024,89,74,15,0,0,0,0,75,55,24,0,0,0,89,0,45.0430227,-121.2154207
Oregon,Washington,2024,92,84,8,0,0,0,0,66,48,32,1,2,38,51,0,45.5601883,-123.0587907
Pennsylvania,Adams,2024,153,93,57,3,0,0,0,131,64,44,2,0,83,68,0,39.8708972,-77.2395963
Pennsylvania,Allegheny,2024,92,49,42,1,0,0,0,103,70,46,1,0,25,66,0,40.4597204,-79.9760405
Pennsylvania,Armstrong,2024,151,135,16,0,0,0,0,61,51,28,0,0,0,151,0,40.7876239,-79.4689832
Pennsylvania,Beaver,2024,152,112,40,0,0,0,0,70,57,38,0,7,0,145,0,40.6916624,-80.3709999
Pennsylvania,Berks,2024,152,118,34,0,0,0,0,91,58,33,0,0,0,152,0,40.4113762,-75.9433305
Pennsylvania,Blair,2024,152,138,14,0,0,0,0,69,48,24,0,0,0,152,0,40.4870748,-78.3682329
Pennsylvania,Bradford,2024,145,122,23,0,0,0,0,69,54,27,0,0,0,145,0,41.7746685,-76.5264613
Pennsylvania,Cambria,2024,153,125,28,0,0,0,0,70,55,30,1,2,0,150,0,40.4843583,-78.718852
Pennsylvania,Centre,2024,152,131,21,0,0,0,0,87,54,40,0,1,125,26,0,40.9381735,-77.7865722
Pennsylvania,Chester,2024,150,118,32,0,0,0,0,78,57,32,0,0,0,150,0,39.9829308,-75.7652424
Pennsylvania,Cumberland,2024,144,108,36,0,0,0,0,93,60,34,0,0,0,144,0,40.1541581,-77.2803933
Pennsylvania,Dauphin,2024,152,100,52,0,0,0,0,95,62,40,0,0,0,152,0,40.398036,-76.8115168
Pennsylvania,Delaware,2024,152,112,40,0,0,0,0,80,59,36,0,8,0,144,0,39.9194117,-75.4001639
Pennsylvania,Elk,2024,145,138,7,0,0,0,0,61,46,36,0,0,145,0,0,41.437362,-78.626009
Pennsylvania,Erie,2024,153,134,19,0,0,0,0,65,53,28,2,26,0,125,0,42.18230345,-80.14107739801153
Pennsylvania,Fayette,2024,129,112,17,0,0,0,0,93,52,29,0,0,0,129,0,39.921022,-79.6663803
Pennsylvania,Greene,2024,117,100,17,0,0,0,0,66,53,32,0,0,0,117,0,39.8513322,-80.2466384
Pennsylvania,Indiana,2024,148,137,11,0,0,0,0,58,48,27,0,0,0,148,0,40.6424116,-79.1262839
Pennsylvania,Lackawanna,2024,153,153,0,0,0,0,0,50,34,23,2,141,0,0,10,41.4406084,-75.6260271
Pennsylvania,Lancaster,2024,152,87,63,2,0,0,0,125,67,47,0,0,0,152,0,40.08067,-76.2411283
Pennsylvania,Lebanon,2024,150,105,45,0,0,0,0,94,60,38,0,0,0,150,0,40.375713,-76.4626118
Pennsylvania,Lehigh,2024,152,126,26,0,0,0,0,80,57,29,0,0,0,152,0,40.6096215,-75.6048728
Pennsylvania,Lycoming,2024,144,119,25,0,0,0,0,80,54,28,0,0,0,144,0,41.3472688,-77.0220348
Pennsylvania,Mercer,2024,152,127,25,0,0,0,0,90,53,39,0,0,105,47,0,41.3334542,-80.3014412
Pennsylvania,Montgomery,2024,138,108,30,0,0,0,0,77,57,31,0,0,0,138,0,40.2154361,-75.3702305
Pennsylvania,Northampton,2024,152,127,25,0,0,0,0,81,57,29,0,19,0,133,0,40.7451356,-75.3289302
Pennsylvania,Philadelphia,2024,92,37,55,0,0,0,0,100,75,53,1,2,12,77,0,40.0114538,-75.1326504
Pennsylvania,Somerset,2024,150,142,8,0,0,0,0,87,49,37,0,0,150,0,0,39.9980022,-79.0415528
Pennsylvania,Susquehanna,2024,152,147,5,0,0,0,0,60,43,23,0,0,0,152,0,41.71803185,-75.55836195053669
Pennsylvania,Tioga,2024,151,145,6,0,0,0,0,66,40,21,0,0,0,151,0,41.7741691,-77.254256
Pennsylvania,Washington,2024,152,117,35,0,0,0,0,86,57,34,0,7,0,145,0,40.1943798,-80.2541251
Pennsylvania,Westmoreland,2024,150,122,28,0,0,0,0,88,56,33,0,0,0,150,0,40.2930159,-79.4873204
Pennsylvania,Wyoming,2024,146,135,11,0,0,0,0,64,48,26,0,0,0,146,0,41.5179097,-76.019111
Pennsylvania,York,2024,152,112,40,0,0,0,0,96,58,36,0,18,0,134,0,,
Puerto Rico,Bayamon,2024,180,161,18,1,0,0,0,117,52,22,35,0,69,76,0,18.3990551,-66.1560326
Puerto Rico,Caguas,2024,174,173,1,0,0,0,0,69,19,3,147,0,0,27,0,18.2345399,-66.0351316
Puerto Rico,Catano,2024,171,43,80,30,14,0,4,1133,151,81,0,0,0,128,43,18.4410233,-66.1191055
Puerto Rico,Fajardo,2024,37,35,2,0,0,0,0,56,50,28,0,0,0,27,10,18.3245149,-65.6531674
Puerto Rico,Guayama,2024,27,26,1,0,0,0,0,53,29,14,0,0,0,0,27,17.9850901,-66.1135657
Puerto Rico,Guaynabo,2024,43,37,6,0,0,0,0,66,51,27,0,0,0,25,18,18.3578671,-66.1120141
Puerto Rico,Mayagnez,2024,176,176,0,0,0,0,0,38,29,15,0,0,108,68,0,,
Puerto Rico,Ponce,2024,173,164,9,0,0,0,0,64,41,8,82,0,0,19,72,18.011564,-66.613958
Rhode Island,Kent,2024,116,116,0,0,0,0,0,49,44,31,0,0,57,59,0,41.6722912,-71.602762
Rhode Island,Providence,2024,131,116,15,0,0,0,0,61,51,38,0,4,68,49,10,41.8677428,-71.5814834
Rhode Island,Washington,2024,120,116,4,0,0,0,0,54,45,35,0,0,60,60,0,41.4619922,-71.7039673
South Carolina,Aiken,2024,143,121,22,0,0,0,0,84,54,43,0,0,143,0,0,33.5616173,-81.7224579
South Carolina,Anderson,2024,142,115,27,0,0,0,0,93,61,44,0,0,142,0,0,34.5258335,-82.652962
South Carolina,Berkeley,2024,150,128,22,0,0,0,0,90,54,42,0,0,150,0,0,33.1595951,-79.9070461
South Carolina,Charleston,2024,211,147,64,0,0,0,0,77,58,44,0,0,95,116,0,32.8152646,-79.7996814
South Carolina,Chesterfield,2024,191,123,66,2,0,0,0,143,65,45,0,0,91,100,0,34.6500578,-80.1417843
South Carolina,Darlington,2024,133,100,33,0,0,0,0,100,61,44,0,0,133,0,0,34.3609331,-79.9438572
South Carolina,Edgefield,2024,191,118,73,0,0,0,0,98,60,44,0,0,65,126,0,33.7635851,-81.9759066
South Carolina,Florence,2024,185,119,66,0,0,0,0,99,60,44,0,0,0,185,0,33.986694,-79.6644927
South Carolina,Greenville,2024,213,132,81,0,0,0,0,99,64,46,0,1,83,129,0,34.8550021,-82.3356457
South Carolina,Horry,2024,182,135,47,0,0,0,0,87,57,43,0,0,102,80,0,33.9204504,-78.9578973
South Carolina,Richland,2024,212,123,88,1,0,0,0,141,63,47,0,1,62,149,0,34.0190006,-80.9176832
South Carolina,Spartanburg,2024,213,114,98,1,0,0,0,112,71,49,0,0,91,122,0,34.937029,-81.9955954
South Carolina,York,2024,142,108,34,0,0,0,0,90,64,44,0,0,142,0,0,34.9603293,-81.1655408
South Dakota,Brookings,2024,91,88,3,0,0,0,0,53,37,30,0,0,66,22,3,44.3763598,-96.7925213
South Dakota,Brown,2024,85,80,5,0,0,0,0,57,44,24,0,0,0,77,8,45.5832968,-98.3674786
South Dakota,Clay,2024,91,71,20,0,0,0,0,64,56,36,0,0,41,50,0,42.9190617,-96.9712933
South Dakota,Codington,2024,91,74,17,0,0,0,0,65,53,36,0,0,11,78,2,44.9695646,-97.1976513
South Dakota,Custer,2024,91,91,0,0,0,0,0,47,46,39,0,0,82,9,0,43.6726477,-103.5101597
South Dakota,Hughes,2024,91,90,1,0,0,0,0,52,21,6,0,0,0,91,0,44.4047339,-99.946102
South Dakota,Jackson,2024,91,86,5,0,0,0,0,56,45,38,0,0,53,38,0,43.668546,-101.6595883
South Dakota,Meade,2024,91,88,3,0,0,0,0,54,48,39,0,0,85,0,6,44.5263375,-102.6463435
South Dakota,Minnehaha,2024,92,82,10,0,0,0,0,66,51,26,1,3,48,40,0,43.6680284,-96.7837626
South Dakota,Pennington,2024,91,70,20,1,0,0,0,111,61,30,0,6,0,32,53,43.9955746,-102.7854668
Tennessee,Anderson,2024,31,29,2,0,0,0,0,67,50,41,0,0,31,0,0,36.1063226,-84.1849939
Tennessee,Blount,2024,153,96,57,0,0,0,0,88,62,47,1,0,94,58,0,35.6719722,-83.9314465
Tennessee,Claiborne,2024,150,140,10,0,0,0,0,67,49,38,0,0,150,0,0,36.4673161,-83.6786377
Tennessee,Davidson,2024,92,51,41,0,0,0,0,70,60,48,1,4,10,77,0,36.189724,-86.7857862
Tennessee,DeKalb,2024,139,128,11,0,0,0,0,71,49,40,0,0,139,0,0,35.9804643,-85.83965
Tennessee,Dyer,2024,83,69,14,0,0,0,0,62,53,28,0,0,0,83,0,36.0543272,-89.4208221
Tennessee,Hamilton,2024,151,89,62,0,0,0,0,97,62,44,0,0,57,94,0,35.1755638,-85.1940792
Tennessee,Jefferson,2024,31,29,2,0,0,0,0,58,46,39,0,0,31,0,0,36.040946,-83.4596349
Tennessee,Knox,2024,213,124,89,0,0,0,0,88,63,47,0,0,63,150,0,35.9859998,-83.9375598
Tennessee,Lawrence,2024,90,71,19,0,0,0,0,80,57,33,0,0,0,90,0,35.2256914,-87.4016388
Tennessee,Loudon,2024,91,75,16,0,0,0,0,79,58,36,0,0,23,68,0,35.7490023,-84.320293
Tennessee,Madison,2024,87,73,14,0,0,0,0,66,53,28,0,0,0,87,0,35.6055887,-88.852119
Tennessee,Maury,2024,90,74,16,0,0,0,0,68,55,31,0,0,0,90,0,35.6285992,-87.0736684
Tennessee,McMinn,2024,83,60,23,0,0,0,0,89,57,33,0,0,0,83,0,35.444223,-84.624875
Tennessee,Montgomery,2024,91,76,15,0,0,0,0,56,52,26,0,0,0,91,0,36.4803824,-87.3786221
Tennessee,Putnam,2024,86,74,12,0,0,0,0,63,53,29,0,0,0,86,0,36.1379872,-85.4553784
Tennessee,Roane,2024,86,73,13,0,0,0,0,72,54,27,0,0,0,86,0,35.84857,-84.5225522
Tennessee,Sevier,2024,149,118,31,0,0,0,0,74,61,44,0,0,149,0,0,35.8047065,-83.5291901
Tennessee,Shelby,2024,91,46,45,0,0,0,0,78,60,50,0,0,15,76,0,35.1782557,-89.8739775
Tennessee,Sullivan,2024,86,72,14,0,0,0,0,64,54,33,0,0,30,56,0,36.4966673,-82.286903
Tennessee,Sumner,2024,91,66,25,0,0,0,0,63,57,42,0,0,16,75,0,36.4496718,-86.4685413
Tennessee,Williamson,2024,31,29,2,0,0,0,0,51,49,40,0,0,31,0,0,35.8772991,-86.8978708
Tennessee,Wilson,2024,31,31,0,0,0,0,0,50,49,42,0,0,31,0,0,36.1466658,-86.3119998
Texas,Atascosa,2024,90,61,29,0,0,0,0,80,63,39,0,0,0,90,0,28.8554434,-98.5316314
Texas,Bell,2024,121,84,37,0,0,0,0,84,62,42,0,0,69,52,0,31.0081659,-97.4314413
Texas,Bexar,2024,122,62,59,0,1,0,0,199,69,50,1,0,35,84,2,29.4263987,-98.5104781
Texas,Bowie,2024,121,79,42,0,0,0,0,68,58,41,0,0,0,121,0,33.4198886,-94.4479626
Texas,Brazoria,2024,91,86,5,0,0,0,0,67,47,36,0,1,85,5,0,29.18161,-95.4993375
Texas,Brazos,2024,113,82,31,0,0,0,0,68,57,32,0,0,0,113,0,30.6993189,-96.3497772
Texas,Brewster,2024,150,108,40,2,0,0,0,112,72,44,0,0,135,15,0,29.8462742,-103.2400734
Texas,Cameron,2024,121,26,71,21,3,0,0,157,124,67,0,0,24,97,0,26.1291189,-97.4134281
Texas,Collin,2024,91,90,1,0,0,0,0,51,44,32,0,0,91,0,0,33.1609629,-96.6060984
Texas,Dallas,2024,92,50,42,0,0,0,0,76,63,48,1,3,21,66,1,32.7620405,-96.7790069
Texas,Denton,2024,91,70,21,0,0,0,0,63,54,38,0,1,52,38,0,33.1838787,-97.1413417
Texas,Ector,2024,119,98,21,0,0,0,0,88,54,31,0,0,0,119,0,31.8941755,-102.5794339
Texas,El Paso,2024,91,39,43,5,1,0,3,431,96,53,0,7,23,36,25,31.8072184,-106.2230394
Texas,Ellis,2024,90,89,1,0,0,0,0,51,44,33,0,2,88,0,0,32.3347829,-96.7920233
Texas,Galveston,2024,91,72,19,0,0,0,0,77,54,43,0,0,59,32,0,29.3872254,-94.992736
Texas,Gregg,2024,117,110,7,0,0,0,0,77,49,37,0,4,113,0,0,32.4492408,-94.8532848
Texas,Harris,2024,92,20,71,0,1,0,0,184,71,56,1,5,7,72,7,29.8119769,-95.3741247
Texas,Harrison,2024,121,81,37,0,1,2,0,263,56,43,0,1,51,69,0,32.5233959,-94.3982158
Texas,Hidalgo,2024,121,42,77,2,0,0,0,105,87,56,0,0,16,100,5,26.3530256,-98.216445
Texas,Hood,2024,78,77,1,0,0,0,0,51,46,35,0,0,78,0,0,32.4107555,-97.828282
Texas,Hunt,2024,91,86,5,0,0,0,0,54,47,36,0,6,85,0,0,33.1161567,-96.0808922
Texas,Jefferson,2024,121,67,54,0,0,0,0,90,60,48,0,0,45,76,0,29.834772,-94.1704496
Texas,Johnson,2024,85,85,0,0,0,0,0,50,45,34,0,0,85,0,0,32.3766071,-97.3568623
Texas,Karnes,2024,120,120,0,0,0,0,0,28,16,7,0,120,0,0,0,28.8791858,-97.9062893
Texas,Kaufman,2024,91,73,18,0,0,0,0,63,54,39,0,0,53,38,0,32.601641,-96.3375126
Texas,Kleberg,2024,79,57,22,0,0,0,0,72,57,34,0,0,0,79,0,27.3983129,-97.7485096
Texas,Lubbock,2024,121,117,4,0,0,0,0,91,33,14,0,0,0,121,0,33.5831241,-101.818598
Texas,Maverick,2024,117,78,39,0,0,0,0,96,69,34,0,0,0,117,0,28.792861,-100.3110817
Texas,McLennan,2024,122,78,44,0,0,0,0,76,63,47,1,0,30,91,0,31.5487691,-97.2189254
Texas,Montgomery,2024,91,47,43,1,0,0,0,102,63,49,0,1,26,64,0,30.301949,-95.5065944
Texas,Navarro,2024,91,71,20,0,0,0,0,67,56,42,0,0,48,43,0,32.0279525,-96.4985456
Texas,Nueces,2024,91,50,41,0,0,0,0,81,66,46,0,0,29,62,0,27.7153774,-97.6199942
Texas,Orange,2024,121,95,26,0,0,0,0,63,57,43,0,0,54,67,0,30.1228634,-93.9041169
Texas,Parker,2024,91,91,0,0,0,0,0,49,42,32,0,0,91,0,0,32.77725975,-97.80455986920202
Texas,Polk,2024,140,133,7,0,0,0,0,93,47,36,0,0,140,0,0,30.7642828,-94.8192175
Texas,Potter,2024,121,114,6,1,0,0,0,138,37,24,0,0,0,121,0,35.3683354,-101.8776577
Texas,Randall,2024,152,124,28,0,0,0,0,97,61,40,0,0,152,0,0,34.9444713,-101.8850309
Texas,Rockwall,2024,85,85,0,0,0,0,0,49,41,30,0,0,85,0,0,32.8923464,-96.4066987
Texas,Smith,2024,120,113,7,0,0,0,0,80,49,39,0,0,120,0,0,32.3402898,-95.2563971
Texas,Tarrant,2024,91,51,40,0,0,0,0,78,62,48,0,5,15,71,0,32.7513658,-97.335696
Texas,Travis,2024,122,48,74,0,0,0,0,95,67,53,1,0,26,93,2,30.2878569,-97.7561392
Texas,Victoria,2024,89,87,2,0,0,0,0,58,46,35,0,0,89,0,0,28.8026443,-96.9766308
Texas,Webb,2024,122,62,59,1,0,0,0,106,80,50,1,0,55,66,0,27.6983621,-99.2523577
Texas,Wilson,2024,42,42,0,0,0,0,0,25,21,9,0,42,0,0,0,29.1589961,-98.1251465
Utah,Box Elder,2024,213,114,96,3,0,0,0,105,80,49,0,0,176,37,0,41.3586056,-113.2112072
Utah,Cache,2024,182,144,38,0,0,0,0,91,61,42,0,0,139,43,0,41.7042978,-111.7451159
Utah,Carbon,2024,182,144,38,0,0,0,0,74,58,43,0,0,179,3,0,39.6023917,-110.6505023
Utah,Davis,2024,213,136,70,7,0,0,0,133,84,45,0,9,182,21,1,41.0263758,-112.1197426
Utah,Duchesne,2024,211,160,50,0,1,0,0,163,63,43,0,0,140,37,34,40.2960433,-110.4715153
Utah,Grand,2024,212,147,63,2,0,0,0,105,67,47,0,0,161,51,0,38.9634637,-109.6619899
Utah,Iron,2024,212,164,48,0,0,0,0,80,61,44,0,4,194,14,0,37.8546136,-113.2867347
Utah,Salt Lake,2024,214,116,83,14,1,0,0,176,93,49,1,9,152,49,3,40.6632297,-111.9103124
Utah,San Juan,2024,149,113,35,1,0,0,0,101,67,44,0,0,149,0,0,37.5859438,-109.7852018
Utah,Tooele,2024,182,138,44,0,0,0,0,87,64,44,0,0,152,30,0,40.4062872,-113.1966394
Utah,Uintah,2024,213,142,69,2,0,0,0,112,67,46,0,0,200,13,0,40.1943199,-109.5770955
Utah,Utah,2024,183,127,55,1,0,0,0,105,64,44,1,1,141,39,1,40.177058,-111.69107185434031
Utah,Washington,2024,213,143,70,0,0,0,0,90,71,46,0,0,211,2,0,37.2393471,-113.525776
Utah,Weber,2024,214,141,70,3,0,0,0,112,72,45,1,6,180,24,3,41.2728039,-111.8860648
Vermont,Bennington,2024,91,88,3,0,0,0,0,52,45,37,0,0,68,23,0,43.0125713,-73.1473048
Vermont,Chittenden,2024,92,83,9,0,0,0,0,62,45,38,1,0,63,28,0,44.4531756,-73.0673673
Vermont,Rutland,2024,92,73,19,0,0,0,0,61,56,38,1,0,33,58,0,43.574224,-73.02562162378587
Virginia,Albemarle,2024,211,163,48,0,0,0,0,85,55,42,0,0,79,132,0,38.0085107,-78.6086754
Virginia,Arlington,2024,193,164,28,1,0,0,0,105,55,37,1,27,138,27,0,38.8769326,-77.0893094
Virginia,Bristol City,2024,58,44,14,0,0,0,0,63,53,29,0,0,0,58,0,36.6176148,-82.1484049
Virginia,Caroline,2024,103,102,1,0,0,0,0,51,47,39,0,0,103,0,0,38.0320305,-77.362363
Virginia,Carroll,2024,25,25,0,0,0,0,0,31,19,7,0,0,0,0,25,36.7365816,-80.7439791
Virginia,Charles,2024,213,193,20,0,0,0,0,75,50,37,0,1,95,117,0,,
Virginia,Chesterfield,2024,212,164,48,0,0,0,0,77,55,41,0,0,74,138,0,37.3859982,-77.578509
Virginia,Fairfax,2024,213,158,55,0,0,0,0,84,56,43,0,18,100,95,0,38.8156356,-77.2836849
Virginia,Fauquier,2024,118,115,3,0,0,0,0,58,46,39,0,0,118,0,0,38.7513714,-77.8141221
Virginia,Frederick,2024,213,170,42,1,0,0,0,102,54,41,0,0,82,131,0,39.2127031,-78.279166
Virginia,Giles,2024,143,128,15,0,0,0,0,80,51,41,0,0,143,0,0,37.3088528,-80.7098781
Virginia,Hampton City,2024,211,173,38,0,0,0,0,86,55,40,0,1,93,117,0,,
Virginia,Hanover,2024,122,112,10,0,0,0,0,74,50,42,0,0,122,0,0,37.744783,-77.4464165
Virginia,Henrico,2024,213,175,38,0,0,0,0,80,54,41,0,4,106,103,0,37.5131191,-77.3465081
Virginia,Hopewell City,2024,25,25,0,0,0,0,0,30,9,5,0,0,0,0,25,,
Virginia,Loudoun,2024,213,140,73,0,0,0,0,87,58,44,0,1,95,117,0,39.0984586,-77.6705008
Virginia,Lynchburg City,2024,59,51,8,0,0,0,0,61,52,27,0,0,0,59,0,,
Virginia,Madison,2024,170,160,10,0,0,0,0,90,49,39,0,0,135,35,0,38.4114615,-78.2846634
Virginia,Norfolk City,2024,213,191,22,0,0,0,0,82,51,33,0,24,0,189,0,,
Virginia,Prince Edward,2024,152,147,5,0,0,0,0,61,46,36,0,0,152,0,0,37.2293293,-78.4628573
Virginia,Prince William,2024,182,173,9,0,0,0,0,84,48,37,0,3,179,0,0,38.7389846,-77.5536743
Virginia,Richmond City,2024,213,170,43,0,0,0,0,79,54,35,0,44,0,169,0,,
Virginia,Roanoke,2024,213,170,43,0,0,0,0,68,54,41,0,4,89,120,0,37.270973,-79.9414313
Virginia,Rockbridge,2024,121,116,5,0,0,0,0,64,47,39,0,0,121,0,0,37.8331804,-79.4622597
Virginia,Rockingham,2024,213,163,50,0,0,0,0,83,55,43,0,8,85,120,0,38.5080288,-78.8949442
Virginia,Salem City,2024,59,49,10,0,0,0,0,67,52,31,0,0,0,59,0,,
Virginia,Stafford,2024,182,178,4,0,0,0,0,61,47,37,0,0,182,0,0,38.4167265,-77.4579783
Virginia,Suffolk City,2024,122,113,9,0,0,0,0,64,49,40,0,0,122,0,0,36.7427673,-76.6241825
Virginia,Virginia Beach City,2024,213,181,32,0,0,0,0,81,52,33,0,0,0,213,0,36.5943204,-75.8876014
Virginia,Wythe,2024,122,116,6,0,0,0,0,67,50,42,0,0,122,0,0,36.9118401,-81.0639347
Washington,Adams,2024,121,121,0,0,0,0,0,47,29,15,0,0,0,121,0,46.9723633,-118.5934644
Washington,Asotin,2024,120,81,39,0,0,0,0,92,66,36,0,0,0,120,0,46.1678079,-117.2045179
Washington,Benton,2024,121,106,15,0,0,0,0,70,52,21,0,0,0,90,31,46.1691702,-119.5286424
Washington,Chelan,2024,121,112,9,0,0,0,0,65,47,26,0,0,0,121,0,47.8012197,-120.6276904
Washington,Clallam,2024,121,106,15,0,0,0,0,59,51,39,0,0,72,49,0,47.9998383,-123.7373472
Washington,Clark,2024,121,109,12,0,0,0,0,65,49,23,0,0,0,121,0,45.7669047,-122.4940866
Washington,Columbia,2024,152,145,7,0,0,0,0,70,43,36,0,0,126,26,0,46.2947665,-117.9174697
Washington,Cowlitz,2024,121,116,5,0,0,0,0,61,35,21,0,0,0,121,0,46.1998625,-122.6931507
Washington,Franklin,2024,121,115,6,0,0,0,0,64,37,16,0,0,0,121,0,46.5654696,-118.8935483
Washington,Garfield,2024,121,115,6,0,0,0,0,60,32,13,0,0,0,121,0,46.4604687,-117.5294769
Washington,Grant,2024,121,115,6,0,0,0,0,54,40,22,0,0,0,121,0,47.119015,-119.4904332
Washington,Grays Harbor,2024,121,121,0,0,0,0,0,48,26,18,0,0,0,121,0,47.1744169,-123.8658829
Washington,Jefferson,2024,112,110,2,0,0,0,0,57,27,18,0,0,0,112,0,47.7325289,-123.6328565
Washington,King,2024,122,89,33,0,0,0,0,71,55,41,1,1,40,80,0,47.4873376,-121.8622122
Washington,Kitsap,2024,108,106,2,0,0,0,0,54,38,19,0,0,0,108,0,47.594502,-122.6474421
Washington,Kittitas,2024,121,106,15,0,0,0,0,79,53,22,0,0,0,121,0,47.1057471,-120.5849305
Washington,Lewis,2024,115,114,1,0,0,0,0,60,41,23,0,0,0,115,0,46.5612011,-122.422556
Washington,Mason,2024,121,116,5,0,0,0,0,55,43,19,0,0,0,121,0,47.3429635,-123.1822758
Washington,Okanogan,2024,121,75,46,0,0,0,0,76,61,39,0,0,0,121,0,48.5158513,-119.6527477
Washington,Pacific,2024,121,121,0,0,0,0,0,37,20,13,0,0,0,121,0,46.5334929,-123.768029
Washington,Pierce,2024,121,95,26,0,0,0,0,77,57,44,0,6,68,47,0,47.0022547,-122.2117983
Washington,Skagit,2024,121,121,0,0,0,0,0,42,36,21,0,0,0,121,0,48.4596092,-121.7332784
Washington,Snohomish,2024,121,79,42,0,0,0,0,96,59,41,0,0,0,121,0,48.0074736,-121.7304882
Washington,Spokane,2024,121,115,6,0,0,0,0,57,44,25,0,0,0,118,3,47.5354964,-117.4074674
Washington,Stevens,2024,121,85,36,0,0,0,0,87,60,34,0,0,0,101,20,48.4249969,-117.8489411
Washington,Thurston,2024,119,116,3,0,0,0,0,76,32,15,0,0,0,119,0,46.9319983,-122.8855155
Washington,Walla Walla,2024,121,109,12,0,0,0,0,79,50,19,0,0,0,79,42,46.2055155,-118.5174284
Washington,Whatcom,2024,115,114,1,0,0,0,0,51,44,28,0,0,0,115,0,48.8107819,-121.8828175
Washington,Whitman,2024,121,117,4,0,0,0,0,58,29,14,0,0,0,121,0,46.9428831,-117.5286172
Washington,Yakima,2024,121,91,30,0,0,0,0,88,58,33,0,0,0,120,1,46.4135961,-120.730253
West Virginia,Berkeley,2024,48,37,11,0,0,0,0,97,62,41,0,0,29,19,0,39.4535243,-78.0395522
West Virginia,Brooke,2024,121,86,35,0,0,0,0,66,56,37,0,0,0,121,0,40.2729451,-80.5699497
West Virginia,Cabell,2024,91,69,22,0,0,0,0,68,54,39,0,0,18,73,0,38.4200892,-82.2316907
West Virginia,Greenbrier,2024,31,28,3,0,0,0,0,58,49,42,0,0,31,0,0,37.961175,-80.450934
West Virginia,Hancock,2024,122,95,27,0,0,0,0,67,55,37,0,0,21,101,0,40.5071529,-80.5657591
West Virginia,Harrison,2024,27,24,3,0,0,0,0,58,51,24,0,0,0,27,0,39.2820223,-80.3789878
West Virginia,Kanawha,2024,92,81,11,0,0,0,0,66,53,31,4,0,43,45,0,38.3428208,-81.5089835
West Virginia,Marion,2024,27,22,5,0,0,0,0,57,51,25,0,0,0,27,0,39.5128606,-80.2258567
West Virginia,Marshall,2024,121,79,42,0,0,0,0,81,62,44,0,0,0,121,0,39.854861,-80.6616946
West Virginia,Monongalia,2024,48,43,5,0,0,0,0,57,51,39,0,0,30,18,0,39.6391074,-80.0300399
West Virginia,Ohio,2024,81,64,17,0,0,0,0,62,54,35,0,0,28,53,0,40.0984771,-80.6109467
West Virginia,Tucker,2024,146,139,7,0,0,0,0,71,48,38,0,0,146,0,0,39.1256758,-79.5607117
West Virginia,Wood,2024,48,40,8,0,0,0,0,60,55,39,0,0,26,22,0,39.2054823,-81.5185967
Wisconsin,Ashland,2024,91,87,4,0,0,0,0,59,43,35,0,0,67,24,0,46.2062319,-90.6802594
Wisconsin,Brown,2024,91,70,21,0,0,0,0,80,61,31,0,0,6,85,0,44.4383498,-88.0167093
Wisconsin,Columbia,2024,7,7,0,0,0,0,0,43,43,36,0,0,7,0,0,43.4641929,-89.3478429
Wisconsin,Dane,2024,91,67,24,0,0,0,0,74,57,38,0,0,2,86,3,43.0709273,-89.4322174
Wisconsin,Dodge,2024,92,74,18,0,0,0,0,66,53,37,1,0,57,34,0,43.413614,-88.7177834
Wisconsin,Door,2024,7,7,0,0,0,0,0,44,44,42,0,0,7,0,0,44.7615925,-87.5329747
Wisconsin,Eau Claire,2024,91,70,21,0,0,0,0,69,58,36,0,0,5,86,0,44.7257643,-91.3040313
Wisconsin,Fond du Lac,2024,7,7,0,0,0,0,0,41,41,36,0,0,7,0,0,43.7533414,-88.4493796
Wisconsin,Forest,2024,91,74,17,0,0,0,0,79,61,38,0,0,58,33,0,45.625108,-88.806738
Wisconsin,Grant,2024,91,63,28,0,0,0,0,80,57,40,0,0,0,91,0,42.8855277,-90.6991696
Wisconsin,Jackson,2024,33,27,6,0,0,0,0,95,57,27,0,0,0,33,0,44.3016847,-90.8085198
Wisconsin,Jefferson,2024,7,7,0,0,0,0,0,44,44,39,0,0,7,0,0,43.0224668,-88.7673031
Wisconsin,Kenosha,2024,91,71,20,0,0,0,0,73,62,36,0,0,26,65,0,42.5729233,-88.0679837
Wisconsin,La Crosse,2024,7,7,0,0,0,0,0,43,43,37,0,0,7,0,0,43.8890516,-91.0902393
Wisconsin,Manitowoc,2024,7,7,0,0,0,0,0,44,44,42,0,0,7,0,0,44.0998341,-87.827992
Wisconsin,Marathon,2024,91,76,15,0,0,0,0,67,54,29,0,0,7,84,0,44.8914036,-89.7748098
Wisconsin,Milwaukee,2024,92,68,24,0,0,0,0,79,66,41,1,8,5,74,4,43.018032500000004,-87.58075460628575
Wisconsin,Monroe,2024,87,72,15,0,0,0,0,68,55,32,0,0,0,87,0,43.9416755,-90.6397264
Wisconsin,Outagamie,2024,91,70,21,0,0,0,0,76,60,32,0,0,6,85,0,44.41603,-88.4602005
Wisconsin,Ozaukee,2024,91,75,16,0,0,0,0,69,54,28,0,0,7,84,0,43.3569041,-87.9579748
Wisconsin,Racine,2024,7,7,0,0,0,0,0,44,44,41,0,0,7,0,0,42.7303792,-87.68034968164059
Wisconsin,Rock,2024,7,7,0,0,0,0,0,42,42,37,0,0,7,0,0,42.6654418,-89.081772
Wisconsin,Sauk,2024,91,76,15,0,0,0,0,66,53,31,0,0,6,85,0,43.4401728,-89.9653841
Wisconsin,Sheboygan,2024,7,7,0,0,0,0,0,44,44,44,0,0,7,0,0,43.7128967,-87.9370433
Wisconsin,Taylor,2024,152,149,3,0,0,0,0,80,45,37,0,0,152,0,0,45.2057106,-90.4915874
Wisconsin,Vilas,2024,7,7,0,0,0,0,0,42,42,41,0,0,7,0,0,46.0382686,-89.4734462
Wisconsin,Walworth,2024,7,7,0,0,0,0,0,44,44,40,0,0,7,0,0,42.6711513,-88.5467715
Wisconsin,Waukesha,2024,91,70,21,0,0,0,0,73,58,36,0,0,6,85,0,43.0622536,-88.3123889
Wyoming,Albany,2024,182,126,54,2,0,0,0,115,67,47,0,0,135,32,15,41.6684047,-105.6812633
Wyoming,Campbell,2024,176,157,19,0,0,0,0,94,51,31,0,0,47,87,42,44.1908398,-105.5775352
Wyoming,Carbon,2024,91,91,0,0,0,0,0,35,19,8,0,91,0,0,0,41.7423474,-106.8625645
Wyoming,Converse,2024,92,92,0,0,0,0,0,46,43,37,1,0,85,0,6,43.0202459,-105.5046207
Wyoming,Fremont,2024,159,130,29,0,0,0,0,75,56,41,0,0,54,105,0,43.0293336,-108.5772551
Wyoming,Johnson,2024,91,91,0,0,0,0,0,45,41,34,0,0,88,0,3,44.0155638,-106.6140815
Wyoming,Laramie,2024,92,86,6,0,0,0,0,58,49,42,1,0,71,20,0,41.2737321,-104.7268231
Wyoming,Lincoln,2024,91,91,0,0,0,0,0,49,46,42,0,1,87,3,0,42.1765551,-110.7208048
Wyoming,Natrona,2024,91,89,2,0,0,0,0,53,44,38,0,0,88,3,0,42.9487008,-106.8465639
Wyoming,Park,2024,168,168,0,0,0,0,0,39,21,12,0,0,0,168,0,44.6076072,-109.5678484
Wyoming,Platte,2024,91,83,4,3,1,0,0,161,48,13,0,0,0,0,91,42.0923141,-104.9870991
Wyoming,Sheridan,2024,121,118,3,0,0,0,0,55,42,19,0,0,0,90,31,44.7947537,-106.8222688
Wyoming,Sublette,2024,151,116,34,1,0,0,0,101,67,46,0,0,149,2,0,42.736927,-109.9905911
Wyoming,Sweetwater,2024,176,173,2,1,0,0,0,118,44,32,0,1,85,87,3,41.6239475,-108.9702314
Wyoming,Teton,2024,182,154,28,0,0,0,0,93,58,43,0,0,145,27,10,43.9139214,-110.6380363
Wyoming,Uinta,2024,91,91,0,0,0,0,0,16,6,4,0,0,0,0,91,41.2631855,-110.5678519
Wyoming,Washakie,2024,145,144,1,0,0,0,0,63,19,8,0,0,0,145,0,43.9308684,-107.6704088
